Date,close,log_ret
2015-01-02,171.0934,
2015-01-05,168.0035,-0.01822479370120078
2015-01-06,166.4211,-0.009463489286663851
2015-01-07,168.4949,0.012384159039127596
2015-01-08,171.4848,0.01758915066849287
2015-01-09,170.1106,-0.00804581919576286
2015-01-12,168.778,-0.00786457183039424
2015-01-13,168.3033,-0.0028165330667144772
2015-01-14,167.2872,-0.006055613046664909
2015-01-15,165.7547,-0.00920311117928474
2015-01-16,167.9285,0.013029308952089202
2015-01-20,168.2825,0.0021058212302227375
2015-01-21,169.1362,0.005060192701949795
2015-01-22,171.6514,0.014761368496124305
2015-01-23,170.7103,-0.005497708244692312
2015-01-26,171.11,0.002338656786468718
2015-01-27,168.853,-0.013278110621100403
2015-01-28,166.6876,-0.012907112055716041
2015-01-29,168.2285,0.009201772459753954
2015-01-30,166.1129,-0.012655496665468391
2015-02-02,168.1701,0.012308289509513237
2015-02-03,170.602,0.01435739114742507
2015-02-04,169.9524,-0.0038149604753439093
2015-02-05,171.668,0.010043981112811906
2015-02-06,171.1933,-0.0027690515279461536
2015-02-09,170.4271,-0.004485688119039821
2015-02-10,172.2427,0.010596889425682043
2015-02-11,172.3427,0.0005804076597986096
2015-02-12,174.0,0.009570362820279676
2015-02-13,174.7163,0.004108216377853857
2015-02-17,174.9911,0.0015715998950058818
2015-02-18,175.0078,9.542887142011125e-05
2015-02-19,174.8829,-0.0007139372684399348
2015-02-20,175.9314,0.005977539239376384
2015-02-23,175.9064,-0.0001421109388592967
2015-02-24,176.407,0.0028417899341564024
2015-02-25,176.2571,-0.0008501007560868246
2015-02-26,176.0489,-0.001181927212350331
2015-02-27,175.4492,-0.003412255041395973
2015-03-02,176.5569,0.006293661708403064
2015-03-03,175.8323,-0.004112504136020156
2015-03-04,175.0912,-0.0042237188547131765
2015-03-05,175.2826,0.0010925475537204576
2015-03-06,172.8174,-0.014163982841544964
2015-03-09,173.5336,0.00413569483455678
2015-03-10,170.7186,-0.016354653622117077
2015-03-11,170.3188,-0.0023446119583869773
2015-03-12,172.4842,0.0126336630744035
2015-03-13,171.4242,-0.00616445167786317
2015-03-16,173.7169,0.013285776304016395
2015-03-17,173.2005,-0.002977079739468813
2015-03-18,175.2826,0.011949645626404326
2015-03-19,174.4831,-0.004571639771737246
2015-03-20,176.0231,0.008787347610761387
2015-03-23,175.6801,-0.0019505088878624122
2015-03-24,174.6929,-0.005635152322649439
2015-03-25,172.133,-0.014762141395955553
2015-03-26,171.7231,-0.0023841379819042885
2015-03-27,172.1163,0.0022871152718328958
2015-03-30,174.2161,0.012126071541491257
2015-03-31,172.6935,-0.008778135727966152
2015-04-01,172.0828,-0.003542590593887951
2015-04-02,172.6977,0.0035669108429283725
2015-04-06,173.8647,0.006734743359015916
2015-04-07,173.4046,-0.002649818277730809
2015-04-08,173.986,0.0033472439544173227
2015-04-09,174.7598,0.004437623448585448
2015-04-10,175.7135,0.005442368100498918
2015-04-13,174.9188,-0.004532961514233769
2015-04-14,175.2534,0.0019110603402223703
2015-04-15,176.0398,0.00447717925438873
2015-04-16,175.9896,-0.00028520345369020816
2015-04-17,173.9651,-0.01157019799903658
2015-04-20,175.5546,0.009095401247916968
2015-04-21,175.3454,-0.0011923626377052798
2015-04-22,176.2071,0.00490226481513556
2015-04-23,176.6505,0.0025131964474169877
2015-04-24,177.0603,0.0023171482655168774
2015-04-27,176.3242,-0.004166006514839893
2015-04-28,176.8847,0.0031737618756606523
2015-04-29,176.1569,-0.004123032702170626
2015-04-30,174.3918,-0.01007058316016085
2015-05-01,176.2824,0.010782762564129023
2015-05-04,176.7843,0.002843090770544343
2015-05-05,174.7598,-0.011517885699593222
2015-05-06,174.0404,-0.004125003483875567
2015-05-07,174.7347,0.0039813674607440674
2015-05-08,177.0353,0.013080324084749684
2015-05-11,176.1862,-0.0048077573734612855
2015-05-12,175.6633,-0.00297229573988389
2015-05-13,175.6968,0.00019068756014917199
2015-05-14,177.5289,0.010373630399285183
2015-05-15,177.7213,0.0010831803546436092
2015-05-18,178.2734,0.003101734057472605
2015-05-19,178.2149,-0.00032820151755430516
2015-05-20,178.0894,-0.000704454059016868
2015-05-21,178.6081,0.002908348758364099
2015-05-22,178.1814,-0.0023918876728918903
2015-05-26,176.2657,-0.01080961674531089
2015-05-27,177.9388,0.009447155208288649
2015-05-28,177.738,-0.0011291150917536186
2015-05-29,176.6338,-0.006231893020844481
2015-06-01,176.9935,0.0020343459006326725
2015-06-02,176.8178,-0.0009931848668642829
2015-06-03,177.2863,0.00264611606229348
2015-06-04,175.7881,-0.00848664752858852
2015-06-05,175.4877,-0.0017103374227822599
2015-06-08,174.4085,-0.006168706160427639
2015-06-09,174.3834,-0.00014392536090124253
2015-06-10,176.4748,0.011921766517487775
2015-06-11,177.0437,0.0032185047803281464
2015-06-12,175.6884,-0.0076846233704674916
2015-06-15,174.9355,-0.004294636829953902
2015-06-16,175.8892,0.0054369167808596686
2015-06-17,176.1736,0.001615621200890871
2015-06-18,178.0057,0.010345699713736778
2015-06-19,177.2156,-0.004448501837876151
2015-06-22,178.1235,0.005110059521415522
2015-06-23,178.2496,0.0007076853177903075
2015-06-24,176.955,-0.0072893522907007124
2015-06-25,176.417,-0.0030449521506099586
2015-06-26,176.3834,-0.0001904759750930296
2015-06-29,172.6845,-0.021193804724760845
2015-06-30,173.046,0.0020912249960201024
2015-07-01,174.4331,0.007983831936866359
2015-07-02,174.2734,-0.0009159566062884039
2015-07-06,173.7774,-0.0028501605844191147
2015-07-07,174.8702,0.006268814578037407
2015-07-08,171.9364,-0.016919343440913615
2015-07-09,172.2474,0.0018071744494703168
2015-07-10,174.4163,0.012513154969984619
2015-07-13,176.3413,0.010976351343534141
2015-07-14,177.1063,0.004328795524865647
2015-07-15,177.0475,-0.00033205912538747384
2015-07-16,178.4682,0.00799237593514679
2015-07-17,178.6195,0.0008474109248464146
2015-07-20,178.7119,0.0005171669887360508
2015-07-21,178.0058,-0.003958877971058428
2015-07-22,177.6864,-0.0017959352825220876
2015-07-23,176.686,-0.005646052895508014
2015-07-24,174.8534,-0.0104262372937578
2015-07-27,173.8362,-0.005834432030701997
2015-07-28,175.9714,0.012208005305193836
2015-07-29,177.182,0.006855971042332598
2015-07-30,177.224,0.00023701630444517008
2015-07-31,176.955,-0.001519006218458685
2015-08-03,176.3581,-0.0033788759482211717
2015-08-04,176.0135,-0.0019558903717316056
2015-08-05,176.5935,0.00328978450851114
2015-08-06,175.1476,-0.00822143414153853
2015-08-07,174.8114,-0.0019213685227574828
2015-08-10,177.0138,0.012520017150147389
2015-08-11,175.4166,-0.009063979355421914
2015-08-12,175.6268,0.0011975728649051831
2015-08-13,175.4082,-0.001245460015423916
2015-08-14,176.0471,0.0036357437419889393
2015-08-17,177.0307,0.0055715909890636794
2015-08-18,176.5179,-0.002900876199789515
2015-08-19,175.1224,-0.007937129652874297
2015-08-20,171.4656,-0.021102494612636136
2015-08-21,166.3041,-0.030564623261839508
2015-08-24,159.3015,-0.043019407066770654
2015-08-25,157.4269,-0.011837409526233245
2015-08-26,163.4711,0.03767499276261965
2015-08-27,167.5146,0.024434295341735357
2015-08-28,167.523,5.0143625681897674e-05
2015-08-31,166.1696,-0.008111701734482502
2015-09-01,161.2098,-0.030302331267538563
2015-09-02,164.2697,0.01880296702048856
2015-09-03,164.3874,0.000716248059340785
2015-09-04,161.8991,-0.015252535668030198
2015-09-08,165.9678,0.02482049195606084
2015-09-09,163.7485,-0.01346207946910738
2015-09-10,164.6396,0.005427128371479739
2015-09-11,165.3878,0.004534176749192653
2015-09-14,164.7741,-0.0037175743584958454
2015-09-15,166.8337,0.012422062956709112
2015-09-16,168.2796,0.008629373841817056
2015-09-17,167.9013,-0.002250574971253805
2015-09-18,165.1579,-0.016474320763542494
2015-09-21,166.0113,0.0051538723349180415
2015-09-22,163.8566,-0.013064203250727324
2015-09-23,163.5946,-0.0016002387892299907
2015-09-24,163.0031,-0.003622197258106752
2015-09-25,162.9608,-0.00025953794415567444
2015-09-28,158.871,-0.025417128919959175
2015-09-29,158.9639,0.0005845802499697683
2015-09-30,161.9299,0.01848639311771727
2015-10-01,162.3524,0.002605755781695862
2015-10-02,164.7776,0.014827404590906035
2015-10-05,167.7098,0.017638418901095854
2015-10-06,167.1352,-0.003432039086816552
2015-10-07,168.5041,0.008157016119326954
2015-10-08,170.0251,0.008985991369727664
2015-10-09,170.1266,0.0005967925664496221
2015-10-12,170.2871,0.0009429703439840509
2015-10-13,169.2139,-0.006322241022638231
2015-10-14,168.4027,-0.004805460164273967
2015-10-15,170.9885,0.015238167845338602
2015-10-16,171.7659,0.0045362004575491
2015-10-19,171.8504,0.0004918276676830757
2015-10-20,171.6138,-0.0013777275036224168
2015-10-21,170.566,-0.0061242848056624055
2015-10-22,173.4475,0.0167526413411343
2015-10-23,175.3487,0.010901602878491623
2015-10-26,174.9178,-0.0024604135272765504
2015-10-27,174.5798,-0.001934205587538429
2015-10-28,176.5656,0.011310535008803413
2015-10-29,176.4642,-0.000574455769958071
2015-10-30,175.7036,-0.004319538484960361
2015-11-02,177.7824,0.01176184609982478
2015-11-03,178.2978,0.0028948554844054897
2015-11-04,177.757,-0.0030377369768261886
2015-11-05,177.5796,-0.000998489965507332
2015-11-06,177.4866,-0.0005238459877432433
2015-11-09,175.8304,-0.009375219029484683
2015-11-10,176.236,0.0023041118348237077
2015-11-11,175.5431,-0.003939409112647674
2015-11-12,173.0925,-0.014058463113507003
2015-11-13,171.149,-0.011291611555975578
2015-11-16,173.7517,0.015092746438502225
2015-11-17,173.6249,-0.0007300434492805152
2015-11-18,176.3797,0.01574183246505534
2015-11-19,176.2275,-0.0008632836167405955
2015-11-20,176.8704,0.003641487023442025
2015-11-23,176.667,-0.0011506563234444656
2015-11-24,176.9036,0.0013383467704386476
2015-11-25,176.8782,-0.00014359133253183387
2015-11-27,177.081,0.001145894906480649
2015-11-30,176.3458,-0.004160414889122777
2015-12-01,178.0274,0.009490630905955477
2015-12-02,176.2098,-0.010262140459319724
2015-12-03,173.7432,-0.014096983582237321
2015-12-04,177.1317,0.019315176700840375
2015-12-07,176.0585,-0.006077197515555355
2015-12-08,174.8747,-0.006746608700583856
2015-12-09,173.5151,-0.007805090172931628
2015-12-10,173.9629,0.002577430789288293
2015-12-11,170.5913,-0.01957142081523866
2015-12-14,171.4539,0.005043788532609561
2015-12-15,173.2538,0.010443145644585705
2015-12-16,175.7881,0.01452172095110793
2015-12-17,173.1094,-0.015355527824159054
2015-12-18,170.0258,-0.017973574337310616
2015-12-21,171.4277,0.008211413133478729
2015-12-22,172.9833,0.009033454671853569
2015-12-23,175.1254,0.012307230690981719
2015-12-24,174.8363,-0.0016521811716145862
2015-12-28,174.4368,-0.002287609175859018
2015-12-29,176.2984,0.0106155155331642
2015-12-30,175.0489,-0.007112650460999959
2015-12-31,173.2978,-0.01005386157005983
2016-01-04,170.8745,-0.01408213296774008
2016-01-05,171.1642,0.001693960766863789
2016-01-06,169.0051,-0.012694437708580253
2016-01-07,164.9504,-0.024284069333618596
2016-01-08,163.1423,-0.011021996555401259
2016-01-11,163.3013,0.0009741346595459888
2016-01-12,164.6195,0.008039789488805127
2016-01-13,160.5132,-0.025260568062909883
2016-01-14,163.1483,0.01628342094706081
2016-01-15,159.6461,-0.021700112700811403
2016-01-19,159.8586,0.0013301840713637603
2016-01-20,157.81,-0.012897896736527414
2016-01-21,158.6941,0.00558667201759544
2016-01-22,161.9497,0.020307343414398105
2016-01-25,159.5016,-0.015231839669486824
2016-01-26,161.6777,0.013550893840756473
2016-01-27,159.9181,-0.010943038182209541
2016-01-28,160.7512,0.005196018916546308
2016-01-29,164.6705,0.024088679503438293
2016-02-01,164.6104,-0.0003650378790114317
2016-02-02,161.6437,-0.018186939400106183
2016-02-03,162.6128,0.005977384480637227
2016-02-04,162.8678,0.001566913986107643
2016-02-05,159.7651,-0.019234217306345336
2016-02-08,157.6145,-0.013552433214648829
2016-02-09,157.623,5.3927594287905833e-05
2016-02-10,157.487,-0.0008631906854397187
2016-02-11,155.4384,-0.013093403521136082
2016-02-12,158.6431,0.0204075134645354
2016-02-16,161.3207,0.0167372840773794
2016-02-17,163.9558,0.016202570106798042
2016-02-18,163.2843,-0.004104026019473572
2016-02-19,163.2078,-0.0004686177791128898
2016-02-22,165.5709,0.014375266366543293
2016-02-23,163.4798,-0.012710066568007328
2016-02-24,164.2278,0.004565053108369632
2016-02-25,166.2169,0.012039073556558755
2016-02-26,165.8337,-0.0023080829856461094
2016-02-29,164.5338,-0.007869458759623527
2016-03-01,168.4015,0.023234988908230392
2016-03-02,169.1581,0.004482771439499267
2016-03-03,169.8169,0.0038870172105820444
2016-03-04,170.3736,0.003272875032865663
2016-03-07,170.5096,0.000797927308918922
2016-03-08,168.648,-0.010977897565836336
2016-03-09,169.4811,0.0049277136206393735
2016-03-10,169.6171,0.0008021275683089968
2016-03-11,172.3542,0.016008117935536248
2016-03-14,172.1332,-0.0012830659717515402
2016-03-15,171.8527,-0.0016308811621188468
2016-03-16,172.8472,0.005770252671319476
2016-03-17,173.9438,0.006324291316820663
2016-03-18,174.627,0.003920012088594049
2016-03-21,174.8747,0.0014174468477401447
2016-03-22,174.7807,-0.0005376722468160011
2016-03-23,173.6266,-0.006625028931452448
2016-03-24,173.5504,-0.00043896917839347793
2016-03-28,173.6529,0.0005904321933440926
2016-03-29,175.2599,0.009211535736913135
2016-03-30,176.0282,0.004374194429170863
2016-03-31,175.601,-0.0024298335302397334
2016-04-01,176.7972,0.006788937028440856
2016-04-04,176.2247,-0.0032434276847022048
2016-04-05,174.4639,-0.010042041839663618
2016-04-06,176.37,0.010866217632576891
2016-04-07,174.2595,-0.01203849355904385
2016-04-08,174.7288,0.0026894900653378073
2016-04-11,174.3195,-0.0023452352445216818
2016-04-12,175.9428,0.009269119870160658
2016-04-13,177.7207,0.010054274625848514
2016-04-14,177.7285,4.388812804290154e-05
2016-04-15,177.532,-0.0011062306112767928
2016-04-18,178.7788,0.006998413120162361
2016-04-19,179.3434,0.0031531162702433946
2016-04-20,179.5142,0.000951909687281649
2016-04-21,178.5488,-0.005392360223131831
2016-04-22,178.5488,0.0
2016-04-25,178.2412,-0.0017242639996082332
2016-04-26,178.5053,0.0014806034438814564
2016-04-27,178.8734,0.0020600003871100725
2016-04-28,177.2479,-0.00912897537348556
2016-04-29,176.2938,-0.0053973962122517705
2016-05-02,177.6943,0.007912736655637076
2016-05-03,176.1471,-0.008745216702489067
2016-05-04,175.1652,-0.005589912774444095
2016-05-05,175.1311,-0.0001946923225144559
2016-05-06,175.7719,0.003652295433874464
2016-05-09,175.9164,0.0008217504428289502
2016-05-10,178.1045,0.012361574490602045
2016-05-11,176.4383,-0.009399216493595652
2016-05-12,176.4896,0.0002907109376240058
2016-05-13,174.9516,-0.008752586882533997
2016-05-16,176.6776,0.009817238513591064
2016-05-17,175.0292,-0.009373785608335794
2016-05-18,175.0798,0.00028905283984315133
2016-05-19,174.4732,-0.0034707218013902974
2016-05-20,175.5754,0.0062974320854465304
2016-05-23,175.3361,-0.0013638768583801308
2016-05-24,177.6089,0.012879238502301327
2016-05-25,178.8136,0.0067599805715312655
2016-05-26,178.8649,0.0002868497846630902
2016-05-27,179.6339,0.004290118569216794
2016-05-31,179.2921,-0.0019045714343359776
2016-06-01,179.6595,0.0020470733564046384
2016-06-02,180.2063,0.0030389129548167304
2016-06-03,179.668,-0.002991602353755063
2016-06-06,180.5823,0.005075926171772771
2016-06-07,180.8642,0.0015598438892503452
2016-06-08,181.4538,0.003254602423515607
2016-06-09,181.206,-0.0013665702047163109
2016-06-10,179.4886,-0.009522809481250505
2016-06-13,178.1038,-0.007745169766295135
2016-06-14,177.7541,-0.0019653918744948484
2016-06-15,177.5064,-0.0013944699179262443
2016-06-16,178.0361,0.002979674114402364
2016-06-17,177.3735,-0.0037286599330572656
2016-06-20,178.5158,0.006419433923769091
2016-06-21,179.0225,0.0028343835568067632
2016-06-22,178.7305,-0.0016324115512249548
2016-06-23,181.058,0.012938337210027129
2016-06-24,174.4619,-0.03711104222984307
2016-06-27,171.4301,-0.017530776346672994
2016-06-28,174.5218,0.017874058858653896
2016-06-29,177.4937,0.016885453121489036
2016-06-30,179.9115,0.01352994798802154
2016-07-01,180.2944,0.002126007065529123
2016-07-05,178.9968,-0.0072231417953991794
2016-07-06,180.0703,0.00597940161281052
2016-07-07,179.9553,-0.0006388434817479194
2016-07-08,182.6384,0.014799755063140019
2016-07-11,183.2825,0.0035204366037557833
2016-07-12,184.6138,0.007237397120385403
2016-07-13,184.588,-0.00013976096563972362
2016-07-14,185.6186,0.005567716309411885
2016-07-15,185.3696,-0.001342360955901789
2016-07-18,185.867,0.002679694284682732
2016-07-19,185.6788,-0.0010130649631658883
2016-07-20,186.4474,0.0041308625565763535
2016-07-21,185.7432,-0.003784087187075791
2016-07-22,186.5806,0.004498242723181001
2016-07-25,186.0738,-0.0027199480937136755
2016-07-26,186.1597,0.00046153826307815393
2016-07-27,185.9622,-0.0010614802221757813
2016-07-28,186.1769,0.0011538697429065436
2016-07-29,186.4775,0.001613291377736914
2016-08-01,186.3229,-0.0008293982992642057
2016-08-02,185.1284,-0.006431551686715942
2016-08-03,185.6702,0.0029223432104918956
2016-08-04,185.8674,0.001061534652309959
2016-08-05,187.3879,0.008147283699203811
2016-08-08,187.2763,-0.0005957334770734235
2016-08-09,187.3879,0.0005957334770734235
2016-08-10,186.9241,-0.0024781478411481928
2016-08-11,187.7916,0.00463018523020331
2016-08-12,187.6284,-0.0008694262973749645
2016-08-15,188.1695,0.002879741339380182
2016-08-16,187.199,-0.005170930232434756
2016-08-17,187.5511,0.001879119464454071
2016-08-18,187.9719,0.002241141960039883
2016-08-19,187.6971,-0.001462990286735355
2016-08-22,187.6885,-4.581955195703813e-05
2016-08-23,188.0664,0.002011418227195527
2016-08-24,187.1045,-0.005127807661603256
2016-08-25,186.9756,-0.0006891572425349324
2016-08-26,186.6235,-0.0018849087390595543
2016-08-29,187.5432,0.004916000553780719
2016-08-30,187.2333,-0.0016537860331773402
2016-08-31,186.7008,-0.0028480973516717967
2016-09-01,186.7094,4.6061944754427486e-05
2016-09-02,187.5511,0.004497944180968716
2016-09-06,188.1186,0.003021273377558309
2016-09-07,188.1008,-9.46256360689901e-05
2016-09-08,187.6713,-0.0022859610228307403
2016-09-09,183.1795,-0.024225481916506197
2016-09-12,185.8076,0.014245183325758859
2016-09-13,183.1365,-0.014479953306854476
2016-09-14,183.0678,-0.00037520040483407513
2016-09-15,184.8972,0.00994341892814532
2016-09-16,184.1825,-0.0038728810786805568
2016-09-19,184.217,0.00018729667168848607
2016-09-20,184.2256,4.668298400645199e-05
2016-09-21,186.2973,0.011182691214180807
2016-09-22,187.4713,0.006281982279001674
2016-09-23,186.4441,-0.005494304776100911
2016-09-26,184.9334,-0.008135701989031574
2016-09-27,186.0815,0.006188989524106958
2016-09-28,187.0051,0.004951139423090112
2016-09-29,185.3133,-0.009087982995198196
2016-09-30,186.7116,0.007517274164997367
2016-10-03,186.2628,-0.0024066006493237424
2016-10-04,185.3133,-0.005110673515673625
2016-10-05,186.1333,0.004415177482175459
2016-10-06,186.2628,0.0006954960334981664
2016-10-07,185.624,-0.003435457393375252
2016-10-10,186.5908,0.005194861538114104
2016-10-11,184.2342,-0.012710209535653938
2016-10-12,184.4759,0.001311057302856078
2016-10-13,183.8717,-0.0032805998566756145
2016-10-14,183.9666,0.0005159876070841563
2016-10-17,183.3279,-0.0034778666371853006
2016-10-18,184.4759,0.006242478886776759
2016-10-19,184.968,0.002664005501419986
2016-10-20,184.6227,-0.0018685540543508239
2016-10-21,184.709,0.0004673305950753104
2016-10-24,185.4945,0.004243618327718579
2016-10-25,184.873,-0.003356129160148491
2016-10-26,184.5018,-0.0020098833215440592
2016-10-27,184.0098,-0.0026702024703109117
2016-10-28,183.466,-0.0029596528367497044
2016-10-31,183.4746,4.687407172543345e-05
2016-11-01,182.1453,-0.007271518083235229
2016-11-02,181.049,-0.006037007351680224
2016-11-03,180.2203,-0.004587721422679714
2016-11-04,180.0218,-0.0011020367696588096
2016-11-07,183.9925,0.02181704124071082
2016-11-08,184.8212,0.0044938753339511806
2016-11-09,186.78,0.010542582438946901
2016-11-10,187.2468,0.0024960791171269037
2016-11-11,186.8152,-0.0023076398646733054
2016-11-14,186.962,0.0007854947147549751
2016-11-15,188.4208,0.00777237179650303
2016-11-16,188.0669,-0.0018800088514776547
2016-11-17,189.0337,0.005127555449361054
2016-11-18,188.6107,-0.0022402036249049573
2016-11-21,190.035,0.0075231633038645995
2016-11-22,190.4062,0.0019514191301848172
2016-11-23,190.5098,0.0005439519608234633
2016-11-25,191.2176,0.0037084097770101465
2016-11-28,190.3199,-0.004705706026434164
2016-11-29,190.691,0.0019479763825565044
2016-11-30,190.2335,-0.002402051955049167
2016-12-01,189.5343,-0.0036822542092158628
2016-12-02,189.6293,0.00050110296446082
2016-12-05,190.7687,0.005990585689092498
2016-12-06,191.373,0.0031627038018573472
2016-12-07,193.8763,0.012995923588195346
2016-12-08,194.351,0.0024454758157022027
2016-12-09,195.525,0.00602244584636491
2016-12-12,195.3006,-0.0011483384131407703
2016-12-13,196.604,0.006651643311515798
2016-12-14,194.9812,-0.008288409726481483
2016-12-15,195.784,0.004108867061131782
2016-12-16,195.4009,-0.001958665186085007
2016-12-19,195.8264,0.00217520693352391
2016-12-20,196.5818,0.003850077205896696
2016-12-21,196.0348,-0.0027864351834283596
2016-12-22,195.6961,-0.001729248749083645
2016-12-23,195.9827,0.0014634442872587528
2016-12-27,196.4689,0.0024777590344573497
2016-12-28,194.8452,-0.008298751916055558
2016-12-29,194.8018,-0.00022276573503443586
2016-12-30,194.0898,-0.003661692849837195
2017-01-03,195.5746,0.00762095375555738
2017-01-04,196.7381,0.005931510304229448
2017-01-05,196.5818,-0.0007947729480637378
2017-01-06,197.2851,0.0035712609893598923
2017-01-09,196.6339,-0.003306266482248077
2017-01-10,196.6339,0.0
2017-01-11,197.1896,0.0028220782599577277
2017-01-12,196.6947,-0.002512921994767936
2017-01-13,197.1462,0.0022928050275776712
2017-01-17,196.4516,-0.003529494936566735
2017-01-18,196.8857,0.0022072667720332007
2017-01-19,196.1563,-0.003711566892772744
2017-01-20,196.877,0.0036673778418476743
2017-01-23,196.3647,-0.0026055237266202624
2017-01-24,197.6238,0.006391578873102155
2017-01-25,199.3343,0.008618091364152036
2017-01-26,199.1259,-0.0010460267750813657
2017-01-27,198.8133,-0.0015710946008846705
2017-01-30,197.5803,-0.006221109405644576
2017-01-31,197.563,-8.756317017688531e-05
2017-02-01,197.6411,0.0003952388197223655
2017-02-02,197.7714,0.0006590586019221689
2017-02-03,199.1346,0.006869159751942355
2017-02-06,198.7786,-0.0017893354379010518
2017-02-07,198.7873,4.3766329060446196e-05
2017-02-08,199.0478,0.0013095880038251906
2017-02-09,200.2286,0.005914716934992015
2017-02-10,201.0188,0.003938722202640577
2017-02-13,202.1128,0.005427521363174037
2017-02-14,202.9204,0.0039878265300501425
2017-02-15,203.9797,0.005206695172134346
2017-02-16,203.806,-0.0008519181055417491
2017-02-17,204.1273,0.001575257849459888
2017-02-21,205.3429,0.005937445856393886
2017-02-22,205.1606,-0.0008881776256917107
2017-02-23,205.2995,0.0006768014981339832
2017-02-24,205.56,0.0012680735624082118
2017-02-27,205.8812,0.001561341281580475
2017-02-28,205.3255,-0.002702778618552948
2017-03-01,208.1996,0.013900710162380037
2017-03-02,206.8885,-0.006317234149658013
2017-03-03,207.0187,0.0006291265495956821
2017-03-06,206.4022,-0.0029824348840437054
2017-03-07,205.7857,-0.0029913564164028017
2017-03-08,205.4037,-0.0018580250847755053
2017-03-09,205.6642,0.0012674306841855554
2017-03-10,206.3849,0.0034981303680972076
2017-03-13,206.489,0.0005042702006887723
2017-03-14,205.6989,-0.003833693166092722
2017-03-15,207.4789,0.008616198702286582
2017-03-16,207.0708,-0.001968883981020575
2017-03-17,206.7072,-0.001757464599795533
2017-03-20,206.4805,-0.0010973222230363788
2017-03-21,203.8294,-0.012922607487653615
2017-03-22,204.309,0.002350184254902743
2017-03-23,204.091,-0.0010675809045306295
2017-03-24,203.9428,-0.0007264104420601214
2017-03-27,203.7335,-0.0010267951234297357
2017-03-28,205.216,0.00725031571975876
2017-03-29,205.4078,0.0009341884905298414
2017-03-30,206.0619,0.0031793376327851064
2017-03-31,205.5823,-0.002330168708833291
2017-04-03,205.2247,-0.0017409639578804814
2017-04-04,205.3555,0.000637147161138607
2017-04-05,204.7451,-0.002976832761310888
2017-04-06,205.3206,0.0028068691326312845
2017-04-07,205.1113,-0.0010199013192826456
2017-04-10,205.2334,0.0005951094462952611
2017-04-11,204.9892,-0.0011905732587402795
2017-04-12,204.091,-0.004391322011601417
2017-04-13,202.7655,-0.00651583391011723
2017-04-17,204.5619,0.008820480266122921
2017-04-18,203.9515,-0.0029883986878580515
2017-04-19,203.5765,-0.001840364862497168
2017-04-20,205.2334,0.008106012464691226
2017-04-21,204.5794,-0.0031917038959736743
2017-04-24,206.8293,0.010937651196964993
2017-04-25,208.0328,0.005801944193368769
2017-04-26,207.902,-0.0006289447495699818
2017-04-27,208.0764,0.0008385051253538833
2017-04-28,207.6229,-0.0021818664592831993
2017-05-01,208.1462,0.0025172639156174625
2017-05-02,208.2246,0.0003765874116368195
2017-05-03,207.9717,-0.0012152920683172752
2017-05-04,208.2159,0.0011735093886722225
2017-05-05,209.0357,0.003929528633998203
2017-05-08,209.0008,-0.00016697106631191616
2017-05-09,208.8089,-0.0009186000875240907
2017-05-10,209.1839,0.001794289761013701
2017-05-11,208.7566,-0.002044789384538781
2017-05-12,208.4078,-0.0016722427957986952
2017-05-15,209.5589,0.0055081082310701746
2017-05-16,209.3671,-0.0009156749087013694
2017-05-17,205.652,-0.01790375063369254
2017-05-18,206.4805,0.004020557058955099
2017-05-19,207.8235,0.006483184830669231
2017-05-22,208.8787,0.005064538922280093
2017-05-23,209.3409,0.0022103229412211434
2017-05-24,209.8292,0.0023298428054916442
2017-05-25,210.8321,0.0047682156649573315
2017-05-26,210.7885,-0.00020682101470104186
2017-05-30,210.6054,-0.0008690207025923158
2017-05-31,210.5531,-0.00024836255361737614
2017-06-01,212.2274,0.007920463469417882
2017-06-02,212.9338,0.003322977967021856
2017-06-05,212.7769,-0.0007371203359660683
2017-06-06,212.0966,-0.0032023676759411757
2017-06-07,212.4891,0.0018488616635305988
2017-06-08,212.5937,0.0004921394237129562
2017-06-09,212.2711,-0.0015186010325969335
2017-06-12,212.2274,-0.00020589000976123373
2017-06-13,213.2652,0.004878120361960114
2017-06-14,212.9949,-0.001268239913752467
2017-06-15,212.585,-0.00192631337500071
2017-06-16,212.6315,0.00021871211575952287
2017-06-19,214.4016,0.008290271353810219
2017-06-20,212.9557,-0.00676672899769315
2017-06-21,212.9031,-0.0002470302375696676
2017-06-22,212.8067,-0.0004528906858505266
2017-06-23,213.0609,0.0011937984020828907
2017-06-26,213.2011,0.0006578114167137272
2017-06-27,211.4835,-0.008088870494380451
2017-06-28,213.3763,0.008910292397421138
2017-06-29,211.501,-0.008827547048548823
2017-06-30,211.8953,0.001862558147010418
2017-07-03,212.2546,0.0016942127580046318
2017-07-05,212.7454,0.0023096480855526735
2017-07-06,210.7999,-0.00918680331431787
2017-07-07,212.167,0.006464358136232917
2017-07-10,212.3948,0.0010731065388380756
2017-07-11,212.2371,-0.0007427609995867002
2017-07-12,213.832,0.007486614023049398
2017-07-13,214.1913,0.0016788809599610488
2017-07-14,215.1903,0.004653211980020444
2017-07-17,215.164,-0.00012222487393653836
2017-07-18,215.278,0.0005296881004426268
2017-07-19,216.4435,0.005399327258235331
2017-07-20,216.5399,0.00044528266715371245
2017-07-21,216.3471,-0.0008907636992940837
2017-07-24,216.2945,-0.00024315738597113778
2017-07-25,216.8203,0.002427994879446338
2017-07-26,216.8291,4.0585781976076873e-05
2017-07-27,216.6275,-0.0009301970002830728
2017-07-28,216.3734,-0.0011736697506572469
2017-07-31,216.2507,-0.0005672360984512181
2017-08-01,216.7327,0.002226414218664985
2017-08-02,216.8378,0.00048481159146529507
2017-08-03,216.4172,-0.0019415823574080449
2017-08-04,216.8115,0.0018202861854446084
2017-08-07,217.2146,0.0018574925143930443
2017-08-08,216.6801,-0.002463732653875894
2017-08-09,216.6713,-4.061369134245041e-05
2017-08-10,213.6129,-0.014215960087443413
2017-08-11,213.9284,0.0014758810775434839
2017-08-14,216.0491,0.009864317068471351
2017-08-15,216.0228,-0.00012173899775724806
2017-08-16,216.3997,0.0017432029806139226
2017-08-17,213.0258,-0.015713875515003473
2017-08-18,212.6928,-0.0015644139951378477
2017-08-21,212.8593,0.0007825129214307225
2017-08-22,215.0852,0.010402844638589315
2017-08-23,214.314,-0.0035919993758630753
2017-08-24,213.8145,-0.002333412639617727
2017-08-25,214.314,0.002333412639617727
2017-08-28,214.3228,4.106040359275198e-05
2017-08-29,214.5681,0.0011438807712966792
2017-08-30,215.5847,0.004726701268545241
2017-08-31,216.8816,0.005997710747539742
2017-09-01,217.1883,0.00141313669083587
2017-09-05,215.6285,-0.00720769966761825
2017-09-06,216.3646,0.003407928100798152
2017-09-07,216.3383,-0.00012156146876929341
2017-09-08,216.0842,-0.0011752396290507505
2017-09-11,218.3889,0.010609271862409564
2017-09-12,219.125,0.003364924838064276
2017-09-13,219.2302,0.00047997606516236857
2017-09-14,219.1601,-0.0003198063488056846
2017-09-15,219.4546,0.0013428644514448251
2017-09-18,219.9214,0.002124832378783026
2017-09-19,220.1415,0.0010003116297836456
2017-09-20,220.2208,0.0003601579919854103
2017-09-21,219.6307,-0.0026831799097335463
2017-09-22,219.6748,0.00020077144560293192
2017-09-25,219.2256,-0.0020469343698179543
2017-09-26,219.3577,0.0006023941358215268
2017-09-27,220.212,0.00388698800491305
2017-09-28,220.4762,0.001199033836861929
2017-09-29,221.2512,0.0035089550487441556
2017-10-02,222.2111,0.004329123351175745
2017-10-03,222.6867,0.002138019928033863
2017-10-04,222.9509,0.0011857169635316467
2017-10-05,224.2719,0.005907587188580088
2017-10-06,224.0165,-0.0011394451769568548
2017-10-09,223.6466,-0.001652582418269155
2017-10-10,224.2367,0.00263506293469451
2017-10-11,224.5889,0.0015694295169090822
2017-10-12,224.2543,-0.00149094410690509
2017-10-13,224.5273,0.001216627569731621
2017-10-16,224.8267,0.0013325798559948865
2017-10-17,224.9852,0.0007047390545249499
2017-10-18,225.2054,0.0009782524004746662
2017-10-19,225.267,0.0002734906750516686
2017-10-20,226.4295,0.005147272855315244
2017-10-23,225.5489,-0.0038966513189313545
2017-10-24,225.9452,0.0017555051185667025
2017-10-25,224.8267,-0.004962608785001876
2017-10-26,225.1173,0.0012917164820791527
2017-10-27,226.9579,0.008142938035287095
2017-10-30,226.1125,-0.0037318746982775153
2017-10-31,226.4648,0.0015568614296794792
2017-11-01,226.7642,0.001321186612291747
2017-11-02,226.8523,0.00038843384712716755
2017-11-03,227.6096,0.0033327357076675668
2017-11-06,227.9619,0.0015466291031236423
2017-11-07,227.8034,-0.0006955334528084833
2017-11-08,228.1909,0.001699583057407139
2017-11-09,227.363,-0.0036347001373577825
2017-11-10,227.2926,-0.000309684959615808
2017-11-13,227.504,0.000929646418750707
2017-11-14,226.9755,-0.002325738512843678
2017-11-15,225.8395,-0.005017512155175652
2017-11-16,227.7593,0.008464799568452364
2017-11-17,227.09,-0.0029429548778736603
2017-11-20,227.4775,0.001704917724490329
2017-11-21,228.9659,0.006521751768286954
2017-11-22,228.7633,-0.0008852396274070529
2017-11-24,229.2917,0.0023071475451041934
2017-11-27,229.1772,-0.0004994886343672178
2017-11-28,231.5022,0.01009387326818878
2017-11-29,231.3613,-0.0006088188174357967
2017-11-30,233.3868,0.008716605079785111
2017-12-01,232.9025,-0.0020772519298430936
2017-12-04,232.6207,-0.0012106809474623503
2017-12-05,231.784,-0.0036033266041730627
2017-12-06,231.8281,0.00019024525085953314
2017-12-07,232.559,0.003147807523171231
2017-12-08,233.8272,0.0054384247464343005
2017-12-11,234.5317,0.0030083789646377923
2017-12-12,234.9456,0.0017632379978111956
2017-12-13,234.9192,-0.00011237275074726938
2017-12-14,233.9593,-0.0040944566280005645
2017-12-15,235.9079,0.008294306013408637
2017-12-18,237.4039,0.006321435390981733
2017-12-19,236.4921,-0.003848106441729726
2017-12-20,236.3682,-0.0005240448514518548
2017-12-21,236.855,0.0020573808372503777
2017-12-22,236.7931,-0.00026137548256777166
2017-12-26,236.5098,-0.0011971193661937107
2017-12-27,236.6249,0.00048654221417443466
2017-12-28,237.1117,0.002055151201488137
2017-12-29,236.2177,-0.003777500671112044
2018-01-02,237.9084,0.0071318881887485475
2018-01-03,239.4132,0.006305203809541915
2018-01-04,240.4223,0.004206030973697317
2018-01-05,242.0245,0.006642000279571292
2018-01-08,242.4671,0.0018270703687059964
2018-01-09,243.0159,0.0022608422283036944
2018-01-10,242.6441,-0.0015311125999026842
2018-01-11,244.4144,0.007269384666512835
2018-01-12,246.0078,0.006498097381431478
2018-01-16,245.1668,-0.0034244475258118356
2018-01-17,247.5037,0.00948673617099427
2018-01-18,247.0877,-0.0016821970543734466
2018-01-19,248.2118,0.0045390796074222806
2018-01-22,250.23,0.00809808097662934
2018-01-23,250.7611,0.002120198139055951
2018-01-24,250.6638,-0.0003880940145624123
2018-01-25,250.77,0.0004235853330509798
2018-01-26,253.6734,0.01151142848314013
2018-01-29,251.9915,-0.006652256078496066
2018-01-30,249.4068,-0.010310058472528638
2018-01-31,249.5307,0.0004966554029186554
2018-02-01,249.2475,-0.0011355750128334563
2018-02-02,243.8214,-0.022010388640083534
2018-02-05,233.6242,-0.04272214858249246
2018-02-06,238.2271,0.019510578912317555
2018-02-07,236.9347,-0.0054398446468004735
2018-02-08,228.0476,-0.03823019664987726
2018-02-09,231.4732,0.014909720991703068
2018-02-12,234.8723,0.014577862105096706
2018-02-13,235.4565,0.002484220827820849
2018-02-14,238.6342,0.013405652500525278
2018-02-15,241.6793,0.01267980516271372
2018-02-16,241.7501,0.00029290730148456845
2018-02-20,240.2364,-0.006281109435970045
2018-02-21,239.0414,-0.004986679860136789
2018-02-22,239.3512,0.0012951707167152549
2018-02-23,243.1663,0.015813642007091566
2018-02-26,245.9901,0.01154571980863306
2018-02-27,242.9185,-0.012565295082191952
2018-02-28,240.4577,-0.010181805637322405
2018-03-01,236.9613,-0.014647353838160626
2018-03-02,238.1828,0.005141609423239046
2018-03-05,240.9357,0.011491646826940816
2018-03-06,241.5465,0.002531908229142843
2018-03-07,241.458,-0.00036645621724140653
2018-03-08,242.6264,0.004827266769539484
2018-03-09,246.8487,0.01725278664085561
2018-03-12,246.5389,-0.0012558079721260995
2018-03-13,244.9455,-0.00648405354310011
2018-03-14,243.6886,-0.005144556109120124
2018-03-15,243.423,-0.0010905099624860526
2018-03-16,243.6867,0.001082713096292487
2018-03-19,240.3896,-0.013622443350400637
2018-03-20,240.7984,0.0016991284003413654
2018-03-21,240.3363,-0.0019208763869524859
2018-03-22,234.3285,-0.025315215466574337
2018-03-23,229.3339,-0.021544956848377872
2018-03-26,235.6083,0.026991660166521214
2018-03-27,231.6002,-0.017158071102609362
2018-03-28,230.9158,-0.0029594673460957566
2018-03-29,233.8664,0.01269687022812871
2018-04-02,228.8185,-0.021820899258081283
2018-04-03,231.7512,0.012735269545808947
2018-04-04,234.2308,0.010642571619255747
2018-04-05,236.0793,0.007860811488368924
2018-04-06,230.8181,-0.02253781109773012
2018-04-09,231.9556,0.004916019604626953
2018-04-10,235.6438,0.01577536877719865
2018-04-11,234.4085,-0.005256022973793684
2018-04-12,236.337,0.008193432709242998
2018-04-13,235.6438,-0.0029374097354493145
2018-04-16,237.5812,0.008188116961044045
2018-04-17,240.123,0.010641832279868702
2018-04-18,240.3007,0.0007397637048462968
2018-04-19,238.9676,-0.00556307787535637
2018-04-20,236.9414,-0.008515124710190669
2018-04-23,236.9058,-0.00015025940880075694
2018-04-24,233.7153,-0.013558885817954724
2018-04-25,234.293,0.0024687608891245105
2018-04-26,236.6747,0.01011415561276241
2018-04-27,236.8969,0.0009384009358068823
2018-04-30,235.075,-0.007720413225816181
2018-05-01,235.4927,0.001775302936030343
2018-05-02,233.9108,-0.006740068996552218
2018-05-03,233.3954,-0.0022058350990512565
2018-05-04,236.417,0.012863183956366875
2018-05-07,237.2169,0.0033777175176998853
2018-05-08,237.2169,0.0
2018-05-09,239.5097,0.00961900459703191
2018-05-10,241.7493,0.009307321701288451
2018-05-11,242.487,0.0030468619171868383
2018-05-14,242.6025,0.00047620079256560643
2018-05-15,240.9317,-0.006910810650753163
2018-05-16,241.9448,0.00419611012960619
2018-05-17,241.7404,-0.0008451778643108199
2018-05-18,241.1361,-0.0025029187192791014
2018-05-21,242.9491,0.007490451998140912
2018-05-22,242.2737,-0.0027838775762161205
2018-05-23,242.9402,0.002747243717429626
2018-05-24,242.4425,-0.0020507536606757526
2018-05-25,241.8649,-0.0023852630533980346
2018-05-29,239.0832,-0.011567697298646706
2018-05-30,242.2737,0.013256470295290868
2018-05-31,240.7895,-0.00614497097010247
2018-06-01,243.1535,0.009769823320148419
2018-06-04,244.3088,0.004740067747308174
2018-06-05,244.4866,0.0007275027868178796
2018-06-06,246.5306,0.008325622022237411
2018-06-07,246.504,-0.00010790317769160396
2018-06-08,247.2327,0.002951777856887716
2018-06-11,247.5615,0.001329037601482952
2018-06-12,247.8815,0.0012917734007666937
2018-06-13,247.0905,-0.003196143108540994
2018-06-14,247.7126,0.0025145369048393817
2018-06-15,247.3963,-0.0012776988780869303
2018-06-18,246.8874,-0.0020591420668498728
2018-06-19,245.9412,-0.003839879270874924
2018-06-20,246.3607,0.00170423921392171
2018-06-21,244.8164,-0.0062881803268970415
2018-06-22,245.2627,0.0018213391404575674
2018-06-25,241.924,-0.013706253752707731
2018-06-26,242.4596,0.0022114713144043563
2018-06-27,240.451,-0.008318771976604467
2018-06-28,241.8258,0.00570130565672855
2018-06-29,242.1739,0.0014384308916746136
2018-07-02,242.6917,0.0021358504164625813
2018-07-03,241.8347,-0.0035374786335298225
2018-07-05,243.8076,0.008124954738851997
2018-07-06,245.8698,0.008422737873778452
2018-07-09,248.0837,0.008964061696890901
2018-07-10,248.9764,0.0035919236317489833
2018-07-11,247.1553,-0.007341228866454941
2018-07-12,249.396,0.009025110634974354
2018-07-13,249.5924,0.0007871926888158853
2018-07-16,249.3692,-0.0008946580854631847
2018-07-17,250.3779,0.00403684731667564
2018-07-18,250.9046,0.00210141065695435
2018-07-19,249.9584,-0.0037782831856887356
2018-07-20,249.6727,-0.0011436439050314107
2018-07-23,250.1369,0.001857507872879971
2018-07-24,251.3956,0.005019426030044016
2018-07-25,253.5381,0.008486313581811622
2018-07-26,252.94,-0.0023618011441044473
2018-07-27,251.226,-0.006799374029158756
2018-07-30,249.9137,-0.00523727415566011
2018-07-31,251.1457,0.004917590540186367
2018-08-01,250.7261,-0.001672140565652569
2018-08-02,252.0919,0.005432595329045498
2018-08-03,253.1721,0.004275791054653588
2018-08-06,254.1005,0.003660363428178215
2018-08-07,254.9397,0.0032971885531898337
2018-08-08,254.8325,-0.0004205800221361855
2018-08-09,254.4844,-0.0013669291327333966
2018-08-10,252.7793,-0.006722761443021419
2018-08-13,251.833,-0.003750606591649941
2018-08-14,253.4399,0.006360544638204679
2018-08-15,251.5474,-0.007495273088677479
2018-08-16,253.5828,0.008058955952516378
2018-08-17,254.4755,0.0035141672469087837
2018-08-20,255.02,0.0021374092893724495
2018-08-21,255.6181,0.0023425603123250482
2018-08-22,255.4664,-0.0005936396210612926
2018-08-23,255.1271,-0.00132904179134119
2018-08-24,256.6626,0.006000529542936839
2018-08-27,258.689,0.007864186095938308
2018-08-28,258.814,0.0004830889963187701
2018-08-29,260.2067,0.005366658179902117
2018-08-30,259.1533,-0.004056536677901512
2018-08-31,259.1622,3.4342017558586235e-05
2018-09-04,258.7158,-0.0017239585792783174
2018-09-05,258.0195,-0.002694998469957355
2018-09-06,257.2429,-0.0030143887388263124
2018-09-07,256.7429,-0.0019455796550023052
2018-09-10,257.1893,0.0017371945648232412
2018-09-11,258.0374,0.003292146024231002
2018-09-12,258.0999,0.00024218362170458363
2018-09-13,259.6264,0.005896955296845086
2018-09-14,259.671,0.00017177055040029643
2018-09-17,258.2963,-0.005308069554771144
2018-09-18,259.6978,0.005411271749526492
2018-09-19,259.9745,0.0010649019628274914
2018-09-20,262.0813,0.008071211687267876
2018-09-21,261.8415,-0.0009154021040709281
2018-09-24,260.9717,-0.0033273865407341674
2018-09-25,260.7296,-0.0009281173628616912
2018-09-26,259.9494,-0.002996858271314906
2018-09-27,260.6758,0.002790492935663025
2018-09-28,260.7027,0.00010318799115704991
2018-10-01,261.6084,0.003468051541568151
2018-10-02,261.4559,-0.000583102323447271
2018-10-03,261.5994,0.0005486991666101559
2018-10-04,259.5548,-0.007846470353674917
2018-10-05,258.1021,-0.00561261257604162
2018-10-08,258.1021,0.0
2018-10-09,257.7255,-0.0014601780397676123
2018-10-10,249.565,-0.03217566272900463
2018-10-11,244.068,-0.022272527312584778
2018-10-12,247.4577,0.013792783319854784
2018-10-15,246.0677,-0.005632956988287141
2018-10-16,251.4482,0.021630302788614664
2018-10-17,251.4931,0.00017854966422170548
2018-10-18,247.8612,-0.014546641708004238
2018-10-19,247.7267,-0.0005427896980627622
2018-10-22,246.6147,-0.00449892271050345
2018-10-23,245.3593,-0.005103532808031552
2018-10-24,237.9253,-0.0307669079920041
2018-10-25,242.1938,0.017781473253405622
2018-10-26,237.9342,-0.017744067254361617
2018-10-29,236.616,-0.005555590917350806
2018-10-30,240.1223,0.014709802940980232
2018-10-31,242.687,0.01062417034525076
2018-11-01,245.2696,0.010585466475642846
2018-11-02,243.8169,-0.005940479943983057
2018-11-05,245.162,0.005501682763187965
2018-11-06,246.7134,0.00630812252246038
2018-11-07,251.9952,0.02118270066657857
2018-11-08,251.5379,-0.0018163656995993094
2018-11-09,249.0808,-0.009816332192778887
2018-11-12,244.4267,-0.01886187335234002
2018-11-13,243.9693,-0.0018730707611371855
2018-11-14,242.3014,-0.0068599919381187036
2018-11-15,244.8302,0.01038250327528889
2018-11-16,245.4669,0.0025972022184213017
2018-11-19,241.315,-0.017058977279552856
2018-11-20,236.8492,-0.01867948228228311
2018-11-21,237.6562,0.0034014398068746843
2018-11-23,236.069,-0.006700956331398444
2018-11-26,239.8802,0.016015496875826152
2018-11-27,240.6872,0.003358533094681704
2018-11-28,246.2291,0.022764238208974774
2018-11-29,245.6911,-0.0021873475189861935
2018-11-30,247.1887,0.006076956729761385
2018-12-03,250.4618,0.013154401321791909
2018-12-04,242.3462,-0.032939131519877485
2018-12-06,241.9786,-0.0015179898720365514
2018-12-07,236.3559,-0.023510572588170575
2018-12-10,236.8043,0.001895341722456756
2018-12-11,236.8581,0.0002271660162653788
2018-12-12,238.0508,0.005022868628371313
2018-12-13,237.9701,-0.00033906074616929516
2018-12-14,233.576,-0.01863752957727538
2018-12-17,228.9936,-0.019813450384512876
2018-12-18,228.7426,-0.0010967016598533164
2018-12-19,225.317,-0.015089054365017063
2018-12-20,221.6493,-0.01641189648668906
2018-12-21,217.1081,-0.020701016870245503
2018-12-24,211.3714,-0.02677861045233154
2018-12-26,222.0509,0.04928985913977346
2018-12-27,223.7557,0.0076481968197397165
2018-12-28,223.4671,-0.001290632052126206
2018-12-31,225.4244,0.00872064810460671
2019-01-02,225.6589,0.0010397193650257819
2019-01-03,220.274,-0.024152341145660117
2019-01-04,227.6523,0.03294723899572638
2019-01-07,229.4472,0.007853472713634346
2019-01-08,231.603,0.009351761310793627
2019-01-09,232.6854,0.004662627629532956
2019-01-10,233.5062,0.003521302606613652
2019-01-11,233.5964,0.0003862106574494817
2019-01-14,232.1712,-0.006119809312860269
2019-01-15,234.8321,0.011395760141536648
2019-01-16,235.4003,0.0024166785467780727
2019-01-17,237.1863,0.007558439036740694
2019-01-18,240.3432,0.013221993577069213
2019-01-22,237.0961,-0.013602357685403632
2019-01-23,237.5922,0.00209021448652269
2019-01-24,237.7184,0.0005310212015707805
2019-01-25,239.7299,0.008426093050077021
2019-01-28,237.9079,-0.0076292489309564004
2019-01-29,237.5922,-0.0013278653206914015
2019-01-30,241.3534,0.01570649076537478
2019-01-31,243.4731,0.008744214708695353
2019-02-01,243.5904,0.0004816620513254932
2019-02-04,245.3041,0.0070105391600421285
2019-02-05,246.3324,0.004183178016750944
2019-02-06,246.0077,-0.0013190071134792092
2019-02-07,243.6625,-0.00957876518324774
2019-02-08,243.9602,0.001221026162181893
2019-02-11,244.0955,0.0005544449269461182
2019-02-12,247.2344,0.012777332316539436
2019-02-13,248.0372,0.003241860438176758
2019-02-14,247.487,-0.0022206795393868717
2019-02-15,250.1839,0.010838192064452024
2019-02-19,250.6168,0.001728831879920456
2019-02-20,251.122,0.002013797500737269
2019-02-21,250.229,-0.0035623782315674646
2019-02-22,251.7804,0.006180780435125932
2019-02-25,252.1232,0.001360577907686178
2019-02-26,251.9428,-0.0007157793134311419
2019-02-27,251.8345,-0.0004299518921095924
2019-02-28,251.3655,-0.001864070492071157
2019-03-01,252.9349,0.0062240881286150795
2019-03-04,252.0149,-0.003643930616458846
2019-03-05,251.6722,-0.001360765653442897
2019-03-06,250.1478,-0.006075503921802117
2019-03-07,248.0552,-0.008400641129627573
2019-03-08,247.5591,-0.0020019606605012896
2019-03-11,251.149,0.014397047121629036
2019-03-12,252.0961,0.0037639755187708346
2019-03-13,253.7648,0.006597489755661101
2019-03-14,253.6024,-0.0006401675376190852
2019-03-15,254.8555,0.004929031634836711
2019-03-18,255.7796,0.0036194182844990763
2019-03-19,255.843,0.0002478389356701527
2019-03-20,255.0729,-0.0030145884408989687
2019-03-21,257.9539,0.011231500130719496
2019-03-22,252.9892,-0.019434086716176857
2019-03-25,252.799,-0.0007520935006608553
2019-03-26,254.6834,0.007426498577419949
2019-03-27,253.3516,-0.005242957870130738
2019-03-28,254.3119,0.0037832191811206783
2019-03-29,255.9155,0.0062858454097014516
2019-04-01,258.9504,0.011789225701669181
2019-04-02,259.0773,0.0004899352005240942
2019-04-03,259.485,0.0015724246980699519
2019-04-04,260.1735,0.002649818690008132
2019-04-05,261.4328,0.004828555355670616
2019-04-08,261.6321,0.0007620469645157613
2019-04-09,260.2913,-0.005137930008777936
2019-04-10,261.1791,0.00340499041847675
2019-04-11,261.1066,-0.0002776258299457268
2019-04-12,262.8733,0.006743413992981395
2019-04-15,262.7011,-0.0006552830813744137
2019-04-16,262.8733,0.0006552830813744137
2019-04-17,262.23,-0.0024501857894732026
2019-04-18,262.7464,0.00196732716577408
2019-04-22,262.9729,0.0008616766172151458
2019-04-23,265.3375,0.008951615527066359
2019-04-24,264.7486,-0.0022219041105815407
2019-04-25,264.5855,-0.0006162459783398688
2019-04-26,265.8176,0.00464590880477278
2019-04-29,266.2344,0.001566764471373716
2019-04-30,266.3703,0.0005103222068800761
2019-05-01,264.3681,-0.007544995795496945
2019-05-02,263.7973,-0.0021614449648694745
2019-05-03,266.3793,0.009740227740219431
2019-05-06,265.2831,-0.004123675299885221
2019-05-07,260.853,-0.016840527379803127
2019-05-08,260.4906,-0.001390254175444916
2019-05-09,259.7024,-0.0030304160309642114
2019-05-10,261.007,0.0050108668279946755
2019-05-13,254.4478,-0.025451519988383353
2019-05-14,256.749,0.009003247063710695
2019-05-15,258.2529,0.005840383403802107
2019-05-16,260.6446,0.009218456196783187
2019-05-17,258.9595,-0.006486114746328653
2019-05-20,257.2472,-0.006634188514818895
2019-05-21,259.5665,0.008975441517641514
2019-05-22,258.7693,-0.003076000648913002
2019-05-23,255.6075,-0.01229386637401575
2019-05-24,256.1873,0.0022657527901417396
2019-05-28,253.8046,-0.009344137962510324
2019-05-29,252.1014,-0.006733292093227483
2019-05-30,252.7899,0.0027273214126335432
2019-05-31,249.3835,-0.013566836666659476
2019-06-03,248.7493,-0.0025463103118825714
2019-06-04,254.1489,0.021474753766488774
2019-06-05,256.3503,0.008624552773159877
2019-06-06,258.0173,0.006481768433107327
2019-06-07,260.5993,0.009957341641011475
2019-06-10,261.7952,0.0045785401229903044
2019-06-11,261.7317,-0.00024258543471677996
2019-06-12,261.2697,-0.0017667261317884098
2019-06-13,262.3478,0.004117897218682387
2019-06-14,262.0579,-0.0011056326410328055
2019-06-17,262.1575,0.00037999647167374917
2019-06-18,264.9026,0.010416743070427614
2019-06-19,265.5005,0.0022545126649973213
2019-06-20,268.0372,0.009509052928956763
2019-06-21,267.6473,-0.0014557078610728524
2019-06-24,267.3196,-0.0012251226795072512
2019-06-25,264.6977,-0.009856526194442772
2019-06-26,264.4337,-0.0009978618615562596
2019-06-27,265.3714,0.003539795970733728
2019-06-28,266.7369,0.00513242510020806
2019-07-01,269.1585,0.009037646088431828
2019-07-02,269.8595,0.0026010277772128276
2019-07-03,272.017,0.007963111154598579
2019-07-05,271.7075,-0.0011384443166626568
2019-07-08,270.2145,-0.005510031987423503
2019-07-09,270.5513,0.00124564106512981
2019-07-10,271.8441,0.00476701110729838
2019-07-11,272.4813,0.0023412476840674046
2019-07-12,273.7012,0.004467012504099088
2019-07-15,273.7922,0.0003324241016899876
2019-07-16,272.8455,-0.003463723583255529
2019-07-17,271.052,-0.006595016526357966
2019-07-18,272.0443,0.003654236290021373
2019-07-19,270.5331,-0.005570463892222044
2019-07-22,271.1977,0.002453618414980596
2019-07-23,273.1368,0.007124693373611102
2019-07-24,274.4204,0.004688468533743162
2019-07-25,273.1095,-0.004788423444275658
2019-07-26,274.9393,0.006677532362596494
2019-07-29,274.4386,-0.0018227895175026987
2019-07-30,273.7649,-0.0024578476392527193
2019-07-31,270.7698,-0.011000695472115574
2019-08-01,268.412,-0.00874589991405994
2019-08-02,266.391,-0.007557959175297668
2019-08-05,258.3798,-0.030534558833629433
2019-08-06,262.003,0.013925358599085058
2019-08-07,262.1578,0.0005906584563382111
2019-08-08,267.3013,0.019429874048795703
2019-08-09,265.4806,-0.006834718249930205
2019-08-12,262.2488,-0.012248096852950141
2019-08-13,266.3273,0.015432332045453911
2019-08-14,258.4526,-0.03001369196056558
2019-08-15,259.1354,0.0026383934561371447
2019-08-16,262.9589,0.014647041180988474
2019-08-19,266.127,0.01197589224929807
2019-08-20,264.0878,-0.007692014837953565
2019-08-21,266.2362,0.00810226108161416
2019-08-22,266.1543,-0.0003076689033560953
2019-08-23,259.3174,-0.02602342175698702
2019-08-26,262.1851,0.010997948831055204
2019-08-27,261.1564,-0.003931281294821787
2019-08-28,262.9953,0.007016699725309827
2019-08-29,266.3546,0.012692342426956493
2019-08-30,266.2362,-0.00044461902815662313
2019-09-03,264.6795,-0.005864224625971026
2019-09-04,267.6837,0.011286399549104154
2019-09-05,271.1249,0.012773540695826036
2019-09-06,271.3343,0.0007720396682406871
2019-09-09,271.4708,0.0005029429637906091
2019-09-10,271.4071,-0.00023467523836373516
2019-09-11,273.3371,0.007085924275969546
2019-09-12,274.2838,0.0034575047924487734
2019-09-13,274.1018,-0.0006637665419448879
2019-09-16,273.2551,-0.003093779124175633
2019-09-17,273.947,0.002528865911641809
2019-09-18,274.1109,0.0005981120056333111
2019-09-19,274.0927,-6.639868839464214e-05
2019-09-20,272.7971,-0.004738074923983149
2019-09-23,272.7331,-0.00023463412399049588
2019-09-24,270.593,-0.007877814328687727
2019-09-25,272.1935,0.0058973634702876865
2019-09-26,271.6265,-0.002085249551158519
2019-09-27,270.1632,-0.00540174004086591
2019-09-30,271.4162,0.004627215273243834
2019-10-01,268.1877,-0.011966327614720385
2019-10-02,263.4503,-0.017822373107728495
2019-10-03,265.6086,0.008159061205496698
2019-10-04,269.2029,0.013441573776134419
2019-10-07,268.0414,-0.004323924179921335
2019-10-08,263.8801,-0.015646612877627142
2019-10-09,266.386,0.009451551418015569
2019-10-10,268.1877,0.006740723765630285
2019-10-11,270.968,0.010313624228380114
2019-10-14,270.6662,-0.0011144053726068748
2019-10-15,273.3459,0.009851698788947871
2019-10-16,272.9069,-0.0016073147616326722
2019-10-17,273.7117,0.0029446512853139595
2019-10-18,272.5136,-0.004386841551975884
2019-10-21,274.3611,0.006756600839085358
2019-10-22,273.4648,-0.0032722103856368534
2019-10-23,274.2605,0.0029054730893749436
2019-10-24,274.7086,0.0016325148337834605
2019-10-25,275.8335,0.004086523321121582
2019-10-28,277.3883,0.005620906817497051
2019-10-29,277.306,-0.0002967400263669262
2019-10-30,278.1565,0.0030623153305571194
2019-10-31,277.4157,-0.002666801683155029
2019-11-01,279.9856,0.00922107002426209
2019-11-04,281.1106,0.004010012926548789
2019-11-05,280.7996,-0.0011069385526587538
2019-11-06,280.8636,0.00022789458265037865
2019-11-07,281.8514,0.0035108394645053664
2019-11-08,282.5464,0.00246280319054204
2019-11-11,282.0068,-0.0019116007643491528
2019-11-12,282.6013,0.002105886258823908
2019-11-13,282.6928,0.0003237252990926365
2019-11-14,283.1043,0.0014545853011798116
2019-11-15,285.153,0.007210497344080302
2019-11-18,285.3633,0.0007372269978089818
2019-11-19,285.281,-0.00028844588676602
2019-11-20,284.2201,-0.003725721433007756
2019-11-21,283.7628,-0.0016102600934377875
2019-11-22,284.3939,0.002221571124866095
2019-11-25,286.598,0.007720287967454276
2019-11-26,287.2473,0.0022629802042226643
2019-11-27,288.5277,0.004447577997053642
2019-11-29,287.4577,-0.003715376226057998
2019-12-02,285.0158,-0.008531101649398742
2019-12-03,283.1043,-0.0067292363468176575
2019-12-04,284.8511,0.00615120661887314
2019-12-05,285.3633,0.0017965177230161444
2019-12-06,287.9698,0.009092508202972915
2019-12-09,287.0644,-0.003149032694725662
2019-12-10,286.7443,-0.0011157029623456438
2019-12-11,287.5583,0.0028347444190339743
2019-12-12,290.0367,0.008581844409176753
2019-12-13,290.2105,0.0005990550413601525
2019-12-16,292.2043,0.006846693417277727
2019-12-17,292.2683,0.00021900085737414088
2019-12-18,292.2866,6.261174102206724e-05
2019-12-19,293.4847,0.004090680682773851
2019-12-20,294.7712,0.004373953753979087
2019-12-23,295.2215,0.001526459861066698
2019-12-24,295.2307,3.1162556429542576e-05
2019-12-26,296.8023,0.005309175980397818
2019-12-27,296.7288,-0.0002476702581404311
2019-12-30,295.0929,-0.005528368312548437
2019-12-31,295.8097,0.0024261201476996064
2020-01-02,298.5761,0.00930849954780566
2020-01-03,296.3152,-0.007601089091650692
2020-01-06,297.4457,0.003807934695783999
2020-01-07,296.6093,-0.002815902745276766
2020-01-08,298.1901,0.005315418011344164
2020-01-09,300.2121,0.006758022265074715
2020-01-10,299.3481,-0.0028821145835697948
2020-01-13,301.4068,0.0068537370522498975
2020-01-14,300.9473,-0.0015256809545469707
2020-01-15,301.6274,0.002257314450094583
2020-01-16,304.1365,0.008284132974210046
2020-01-17,305.0831,0.003107584725713153
2020-01-21,304.4857,-0.001960074699565162
2020-01-22,304.5225,0.00012085223169311377
2020-01-23,304.8717,0.001146056323547029
2020-01-24,302.1605,-0.008932699213980655
2020-01-27,297.317,-0.016159423487666302
2020-01-28,300.4326,0.010424526304986692
2020-01-29,300.1845,-0.0008261503514006563
2020-01-30,301.1587,0.0032400827090866002
2020-01-31,295.6903,-0.018324745526982156
2020-02-03,297.8868,0.007400925763007216
2020-02-04,302.427,0.015126377467618468
2020-02-05,305.9194,0.01148174253011014
2020-02-06,306.9488,0.003359289870318527
2020-02-07,305.3129,-0.005343806065056356
2020-02-10,307.5921,0.007437402227567169
2020-02-11,308.1252,0.0017316392870938557
2020-02-12,310.1104,0.006422169228592622
2020-02-13,309.7795,-0.0010676090429271312
2020-02-14,310.2758,0.001600825300538844
2020-02-18,309.4762,-0.0025803884252786347
2020-02-19,310.9559,0.0047699105365950345
2020-02-20,309.6784,-0.004116761849051187
2020-02-21,306.4893,-0.010351495142870704
2020-02-24,296.3244,-0.03372804432989707
2020-02-25,287.3452,-0.030770519712931765
2020-02-26,286.2883,-0.0036849354019530267
2020-02-27,273.4306,-0.04595150309695217
2020-02-28,272.2817,-0.0042106498147775895
2020-03-02,284.0733,0.04239511131799123
2020-03-03,275.9396,-0.029050302262697336
2020-03-04,287.5382,0.04117371978789741
2020-03-05,277.9799,-0.03380691205780728
2020-03-06,273.3846,-0.01666921393999843
2020-03-09,252.0348,-0.08131242176318931
2020-03-10,265.0763,0.05045053585696291
2020-03-11,252.1542,-0.049976903936265415
2020-03-12,228.0288,-0.10056886836919876
2020-03-13,247.5222,0.08202833818916222
2020-03-16,220.4374,-0.11588652060306437
2020-03-17,232.3392,0.05258461849680618
2020-03-18,220.5752,-0.05195969302082393
2020-03-19,221.0439,0.0021226444960467106
2020-03-20,211.5178,-0.0440521686233577
2020-03-23,206.1097,-0.025900604380822756
2020-03-24,224.7839,0.08673094491698219
2020-03-25,228.149,0.014859428044823986
2020-03-26,241.4705,0.05674838813970684
2020-03-27,234.2782,-0.030238014344362796
2020-03-30,241.8865,0.03195930979560302
2020-03-31,238.2811,-0.01501753870595568
2020-04-01,227.5573,-0.046048994358071305
2020-04-02,232.8083,0.022813293333275197
2020-04-03,229.4432,-0.014559863827303232
2020-04-06,244.8541,0.06500701863862446
2020-04-07,245.1037,0.0010188633453420692
2020-04-08,253.3314,0.03301712670484047
2020-04-09,257.1864,0.015102600822806345
2020-04-13,254.8383,-0.00917188745326758
2020-04-14,262.3542,0.029066272778922375
2020-04-15,256.7797,-0.021476980305694227
2020-04-16,258.0185,0.004812768930297473
2020-04-17,264.9889,0.02665665053922961
2020-04-20,260.3204,-0.0177747582765706
2020-04-21,252.4162,-0.030833867597375608
2020-04-22,258.0185,0.0219519753347166
2020-04-23,258.0,-7.170285564583878e-05
2020-04-24,261.5961,0.01384212629341608
2020-04-27,265.368,0.014315830693177212
2020-04-28,264.1477,-0.004609125509747791
2020-04-29,271.0627,0.02584174303406428
2020-04-30,268.5389,-0.009354377020381222
2020-05-01,261.4297,-0.02683036870141997
2020-05-04,262.1508,0.002754496991124178
2020-05-05,264.5729,0.009196916988571502
2020-05-06,262.7795,-0.006801550210879803
2020-05-07,265.9504,0.011994547749766937
2020-05-08,270.3508,0.01641054972138445
2020-05-11,270.4063,0.00020526776327045582
2020-05-12,265.0167,-0.020132799845422156
2020-05-13,260.3296,-0.017844322388780753
2020-05-14,263.4451,0.011896476647847543
2020-05-15,264.6561,0.004586250221167099
2020-05-18,272.7175,0.030005213527737773
2020-05-19,269.9163,-0.01032454993807086
2020-05-20,274.5017,0.01684554307029007
2020-05-21,272.6065,-0.006928090569826573
2020-05-22,273.1242,0.0018972733448743284
2020-05-26,276.4893,0.012245485418971747
2020-05-27,280.6032,0.014769449534580481
2020-05-28,280.0855,-0.0018466580372296093
2020-05-29,281.3335,0.004445884644630915
2020-06-01,282.4706,0.004033676029560951
2020-06-02,284.8095,0.00824606134877559
2020-06-03,288.5998,0.01322041761576731
2020-06-04,287.8417,-0.0026302770951334153
2020-06-05,295.219,0.025306777555026194
2020-06-08,298.7874,0.012014829896109802
2020-06-09,296.5594,-0.0074847480537627575
2020-06-10,294.9046,-0.0055956214335335375
2020-06-11,277.9037,-0.059377263405940184
2020-06-12,281.2318,0.01190458951206086
2020-06-15,283.8573,0.00929240678107579
2020-06-16,289.3209,0.0190648056239322
2020-06-17,288.1191,-0.004162516400848304
2020-06-18,288.23,0.00038483620905704896
2020-06-19,286.583,-0.005730575012107941
2020-06-22,288.4215,0.006394754354534626
2020-06-23,289.7493,0.004593114471879822
2020-06-24,282.3582,-0.0258395886748648
2020-06-25,285.3852,0.010663368989042965
2020-06-26,278.6069,-0.0240380189257543
2020-06-29,282.7017,0.0145904503936638
2020-06-30,286.323,0.012728266066694971
2020-07-01,288.3286,0.006980257754080732
2020-07-02,289.9164,0.00549180361492585
2020-07-06,294.392,0.015319607013482894
2020-07-07,291.3557,-0.010367355076587259
2020-07-08,293.5841,0.007619282464684574
2020-07-09,291.9128,-0.005709012428120275
2020-07-10,294.8934,0.01015880757039156
2020-07-13,292.3399,-0.008696768709196334
2020-07-14,296.1283,0.012875639965815644
2020-07-15,298.8489,0.00914528812773252
2020-07-16,297.8647,-0.0032987379288096363
2020-07-17,298.7282,0.0028947733135611387
2020-07-20,301.1424,0.008049112706290273
2020-07-21,301.7831,0.002125304838378028
2020-07-22,303.5009,0.005676028482180406
2020-07-23,299.8796,-0.01200351513168929
2020-07-24,297.9483,-0.006461079245691614
2020-07-27,300.121,0.0072657451511100035
2020-07-28,298.2175,-0.0063626406177856865
2020-07-29,301.8852,0.012223726601159335
2020-07-30,300.8081,-0.003574292751266306
2020-07-31,303.1852,0.007871320007315497
2020-08-03,305.293,0.006928131298765017
2020-08-04,306.4722,0.003855078583752558
2020-08-05,308.3757,0.006191795016013302
2020-08-06,310.437,0.006662137425649917
2020-08-07,310.6599,0.0007177624282768136
2020-08-10,311.5884,0.0029843414248755806
2020-08-11,309.0164,-0.008288736166261579
2020-08-12,313.3248,0.013846002259529477
2020-08-13,312.7584,-0.0018093446830071969
2020-08-14,312.7677,2.9734970294015284e-05
2020-08-17,313.7612,0.0031714445501984656
2020-08-18,314.439,0.002157911643514865
2020-08-19,313.1298,-0.004172297600580244
2020-08-20,314.1048,0.0031088871222850756
2020-08-21,315.219,0.003540947169585529
2020-08-24,318.4132,0.010082275042506694
2020-08-25,319.5274,0.0034931187416011866
2020-08-26,322.7308,0.009975510049896386
2020-08-27,323.4365,0.0021842649127412628
2020-08-28,325.5257,0.0064386098833857375
2020-08-31,324.3465,-0.003629025196506319
2020-09-01,327.4014,0.00937455225428696
2020-09-02,332.1369,0.01436029227869362
2020-09-03,320.7066,-0.03502054685279443
2020-09-04,318.0882,-0.008197983654647523
2020-09-08,309.3971,-0.027703137698909863
2020-09-09,315.5068,0.019554669724258567
2020-09-10,310.0285,-0.01751600610208115
2020-09-11,310.1863,0.0005088559750756616
2020-09-14,314.2719,0.01308545006727968
2020-09-15,315.8597,0.005039592873965937
2020-09-16,314.6062,-0.003976429658428593
2020-09-17,311.8391,-0.00883434833549579
2020-09-18,308.2493,-0.011578478501799161
2020-09-21,304.8186,-0.011192025585179621
2020-09-22,307.923,0.010132906145692289
2020-09-23,300.782,-0.02346400185872266
2020-09-24,301.5837,0.0026618397208313382
2020-09-25,306.4594,0.01603769372648589
2020-09-28,311.5495,0.016472950803151143
2020-09-29,309.8528,-0.00546088811219736
2020-09-30,312.2021,0.007553388518194204
2020-10-01,314.2064,0.006399360289560896
2020-10-02,311.2232,-0.009539755151620533
2020-10-05,316.7422,0.017577854145339522
2020-10-06,312.2394,-0.014317992527645096
2020-10-07,317.6744,0.017256757594320327
2020-10-08,320.4898,0.008823491715215681
2020-10-09,323.3518,0.008890444019193922
2020-10-12,328.5538,0.01595970464821228
2020-10-13,326.4096,-0.006547564826544949
2020-10-14,324.3587,-0.00630303224628026
2020-10-15,323.9578,-0.001236741779976569
2020-10-16,323.762,-0.0006045824319835802
2020-10-19,318.8397,-0.015320209315421884
2020-10-20,320.1169,0.003997772934929422
2020-10-21,319.511,-0.0018945395634828444
2020-10-22,321.2636,0.005470267923770145
2020-10-23,322.3543,0.0033892812617333234
2020-10-26,316.3972,-0.018652864908609068
2020-10-27,315.3065,-0.003453204671267862
2020-10-28,304.5297,-0.03477656228620507
2020-10-29,307.6247,0.010111914158070334
2020-10-30,304.4178,-0.01047943352963987
2020-11-02,307.8298,0.01114593286498522
2020-11-03,313.2649,0.017502125654176304
2020-11-04,320.2661,0.022103054250293575
2020-11-05,326.5122,0.0193151012842252
2020-11-06,326.4376,-0.00022850148763176037
2020-11-09,330.5395,0.012487355501484387
2020-11-10,330.0547,-0.0014677697352949437
2020-11-11,332.5066,0.007401311222953844
2020-11-12,329.281,-0.009748219952837367
2020-11-13,333.8397,0.013749448078685944
2020-11-16,338.0068,0.012405075975026492
2020-11-17,336.189,-0.00539251180446243
2020-11-18,332.143,-0.012107902745802868
2020-11-19,333.5414,0.004201396508659805
2020-11-20,331.2573,-0.00687158078878447
2020-11-23,333.243,0.005976538793438735
2020-11-24,338.6128,0.01598531811470849
2020-11-25,338.0907,-0.0015430690209106146
2020-11-27,339.0323,0.002781180396874916
2020-11-30,337.5314,-0.0044368400556198395
2020-12-01,341.2231,0.01087797253131928
2020-12-02,341.9409,0.0021013995589438395
2020-12-03,341.8477,-0.00027259887215791423
2020-12-04,344.7936,0.008580660892302916
2020-12-07,344.0851,-0.0020569666323320135
2020-12-08,345.092,0.0029220376487693045
2020-12-09,341.9969,-0.009009375454751556
2020-12-10,341.885,-0.00032724948854134794
2020-12-11,341.4841,-0.0011733045757882365
2020-12-14,339.9553,-0.004486980250752559
2020-12-15,344.5513,0.013428852454437923
2020-12-16,345.092,0.0015680573153957766
2020-12-17,347.0217,0.005576265865827601
2020-12-18,345.6363,-0.004000247878255259
2020-12-21,344.4004,-0.0035821321432756292
2020-12-22,343.82,-0.0016866693797394916
2020-12-23,344.1289,0.0008980318763782691
2020-12-24,345.4677,0.0038828546487641447
2020-12-28,348.4356,0.008554270020383115
2020-12-29,347.7709,-0.001909491514275885
2020-12-30,348.2671,0.0014257844659599783
2020-12-31,350.0365,0.0050677206498104255
2021-01-04,345.2711,-0.013707529204459057
2021-01-05,347.6491,0.00686373217518188
2021-01-06,349.7276,0.005960928016521372
2021-01-07,354.9236,0.01474798929893062
2021-01-08,356.9459,0.005681674633410516
2021-01-11,354.5398,-0.006763619205716331
2021-01-12,354.6147,0.0002112374673739481
2021-01-13,355.5696,0.0026891627298830656
2021-01-14,354.3244,-0.0035081329805732864
2021-01-15,351.7405,-0.007319189879192223
2021-01-19,354.5023,0.007821146150690517
2021-01-20,359.4082,0.013743955930881846
2021-01-21,359.7358,0.0009110832396874713
2021-01-22,358.4626,-0.0035455421058276926
2021-01-25,359.8763,0.003936030264060086
2021-01-26,359.3145,-0.0015623117377785434
2021-01-27,350.5327,-0.024744052138093053
2021-01-28,353.5474,0.008563566626810903
2021-01-29,346.4695,-0.02022277237448389
2021-02-01,352.2367,0.016508601123627287
2021-02-02,357.2174,0.014041167230686824
2021-02-03,357.4983,0.0007860468560112466
2021-02-04,361.5615,0.011301544732617685
2021-02-05,362.9845,0.0039279820180553315
2021-02-08,365.606,0.0071961171952112934
2021-02-09,365.3626,-0.0006659657035772426
2021-02-10,365.2034,-0.0004358264756909591
2021-02-11,365.7932,0.0016136877462518129
2021-02-12,367.6001,0.004927516125446729
2021-02-16,367.2818,-0.0008662616943073687
2021-02-17,367.3661,0.00022949769643432205
2021-02-18,365.8026,-0.0042650548778064845
2021-02-19,365.1566,-0.0017675409740682824
2021-02-22,362.3479,-0.007721502629658872
2021-02-23,362.7879,0.0012135659389613807
2021-02-24,366.7856,0.01095911518433379
2021-02-25,357.9476,-0.024390874187533385
2021-02-26,356.1033,-0.005165749672062958
2021-03-01,364.7353,0.023951027713734696
2021-03-02,361.8892,-0.007833797387869268
2021-03-03,357.0957,-0.013334274543542968
2021-03-04,352.6767,-0.012452039832004047
2021-03-05,359.1647,0.018229284405824053
2021-03-08,357.3765,-0.004991209751310066
2021-03-09,362.479,0.014176693676739127
2021-03-10,364.7353,0.006205343432163168
2021-03-11,368.4334,0.010088077580790333
2021-03-12,368.9296,0.0013458773355887743
2021-03-15,371.1297,0.005945757269711471
2021-03-16,370.6616,-0.0012620802161862343
2021-03-17,371.9255,0.0034040484152182415
2021-03-18,366.5141,-0.01465657278004695
2021-03-19,365.8358,-0.0018523937641221622
2021-03-22,368.757,0.007953291669404727
2021-03-23,365.8545,-0.007902177147306233
2021-03-24,363.9947,-0.00509640628621888
2021-03-25,366.0424,0.005609866594981305
2021-03-26,371.9412,0.015986603577347935
2021-03-29,371.7533,-0.0005053150292173569
2021-03-30,370.767,-0.0026566292667888902
2021-03-31,372.2699,0.0040452958648664605
2021-04-01,376.2901,0.010741259624770905
2021-04-05,381.691,0.014250992289317033
2021-04-06,381.4656,-0.0005907044676130013
2021-04-07,381.9071,0.0011567090340705022
2021-04-08,383.7199,0.004735474030109543
2021-04-09,386.5096,0.007243846668358422
2021-04-12,386.6505,0.0003644782020177928
2021-04-13,387.7964,0.0029592754164298185
2021-04-14,386.472,-0.003421039246021884
2021-04-15,390.6237,0.010685272101324195
2021-04-16,391.9293,0.0033367738961711524
2021-04-19,390.0038,-0.004924983715332232
2021-04-20,387.1483,-0.007348658905771188
2021-04-21,390.8115,0.009417522792257493
2021-04-22,387.2422,-0.009175009485443475
2021-04-23,391.4409,0.010784209114158116
2021-04-26,392.2581,0.0020854953143656374
2021-04-27,392.1735,-0.00021569758364670122
2021-04-28,392.0608,-0.0002874141076860681
2021-04-29,394.5593,0.006352516042062106
2021-04-30,391.9669,-0.006592048396464989
2021-05-03,392.8122,0.0021542376113261597
2021-05-04,390.3889,-0.006188213303444101
2021-05-05,390.511,0.00031271613940564436
2021-05-06,393.6294,0.007953719613421839
2021-05-07,396.4943,0.007251807672916222
2021-05-10,392.568,-0.009951894559089958
2021-05-11,389.0645,-0.008964630982170263
2021-05-12,380.7987,-0.021474250596327238
2021-05-13,385.373,0.011940807396767283
2021-05-14,391.2906,0.015238809996079183
2021-05-17,390.2949,-0.002547899209123017
2021-05-18,386.9323,-0.008652864903276658
2021-05-19,385.9178,-0.0026253489071166314
2021-05-20,390.0695,0.010700534956082919
2021-05-21,389.7501,-0.0008191638626691145
2021-05-24,393.7234,0.010142867789727283
2021-05-25,392.8498,-0.0022212817807725216
2021-05-26,393.6294,0.00198250698897251
2021-05-27,393.8361,0.0005249753919303046
2021-05-28,394.5405,0.0017869637111074255
2021-06-01,394.193,-0.0008811595361031266
2021-06-02,394.8129,0.0015713447201122221
2021-06-03,393.3476,-0.003718282477296775
2021-06-04,396.9451,0.009104284650730321
2021-06-07,396.56,-0.0009706302586698357
2021-06-08,396.6446,0.00021331192562623613
2021-06-09,396.0528,-0.0014931299382299201
2021-06-10,397.8938,0.004637599807296944
2021-06-11,398.5513,0.0016510871857136067
2021-06-14,399.4436,0.002236356076680046
2021-06-15,398.711,-0.0018357350962681096
2021-06-16,396.4849,-0.005598886551666737
2021-06-17,396.3534,-0.0003317195983232324
2021-06-18,391.0064,-0.013582309385295588
2021-06-21,396.6041,0.0142146257663196
2021-06-22,398.7244,0.0053318975069753805
2021-06-23,398.2438,-0.0012060708526560049
2021-06-24,400.5997,0.005898293796262166
2021-06-25,402.0227,0.0035458803317212073
2021-06-28,402.8331,0.0020137775583348727
2021-06-29,403.0499,0.0005380433765953541
2021-06-30,403.3891,0.0008412292064328142
2021-07-01,405.6225,0.0055213192833267755
2021-07-02,408.7229,0.00761449620818766
2021-07-06,407.9784,-0.0018231884930939302
2021-07-07,409.4203,0.003528024929830842
2021-07-08,406.0843,-0.0081814832396363
2021-07-09,410.4192,0.010618302871518992
2021-07-12,411.8893,0.0035755475377241552
2021-07-13,410.4851,-0.003414992890509616
2021-07-14,411.0977,0.001491268107192134
2021-07-15,409.6935,-0.00342157998267556
2021-07-16,406.4801,-0.007874345859692156
2021-07-19,400.4772,-0.014878137251055357
2021-07-20,406.2162,0.014228694133680442
2021-07-21,409.5051,0.008063827245390343
2021-07-22,410.3626,0.0020918016716002796
2021-07-23,414.5844,0.010235413566078932
2021-07-26,415.6022,0.0024519800968487715
2021-07-27,413.708,-0.004568141797846259
2021-07-28,413.5384,-0.00041003503279313236
2021-07-29,415.2535,0.0041388011834042615
2021-07-30,413.2368,-0.004868382848114194
2021-08-02,412.3699,-0.0021000321789914622
2021-08-03,415.7247,0.008102500254619116
2021-08-04,413.6798,-0.004931017720463338
2021-08-05,416.2995,0.0063127085209098155
2021-08-06,416.9875,0.0016512921870486252
2021-08-09,416.6482,-0.0008140246842502918
2021-08-10,417.1665,0.0012432020369876895
2021-08-11,418.2031,0.0024817770051805965
2021-08-12,419.4565,0.002992625967479512
2021-08-13,420.2198,0.0018180820638917794
2021-08-16,421.2093,0.0023519520685297834
2021-08-17,418.4481,-0.006576991885947514
2021-08-18,413.8682,-0.011005302251310134
2021-08-19,414.509,0.00154712159585646
2021-08-20,417.8073,0.007925634197946785
2021-08-23,421.4825,0.008757936748592599
2021-08-24,422.1516,0.001586233037036422
2021-08-25,423.0374,0.0020960999831363125
2021-08-26,420.5402,-0.0059205158942639
2021-08-27,424.3002,0.008901148253575464
2021-08-30,426.1661,0.004387952806256479
2021-08-31,425.5347,-0.0014826805743739513
2021-09-01,425.7609,0.0005314252894610405
2021-09-02,427.0708,0.0030718863524210605
2021-09-03,426.9671,-0.0002428463666772629
2021-09-07,425.4405,-0.0035818583319819908
2021-09-08,424.9222,-0.001219009404297644
2021-09-09,423.1034,-0.0042894997245293
2021-09-10,419.7674,-0.007915845274578892
2021-09-13,420.8417,0.0025560051274275963
2021-09-14,418.5706,-0.005411180040239216
2021-09-15,422.0668,0.008318021916069895
2021-09-16,421.3977,-0.0015865519896847147
2021-09-17,417.2931,-0.009788190764239424
2021-09-20,410.3351,-0.016814709643997006
2021-09-21,409.9475,-0.0009450402308841532
2021-09-22,413.9465,0.009707635702718598
2021-09-23,418.9759,0.012076661946519351
2021-09-24,419.666,0.0016457564444660733
2021-09-27,418.4654,-0.002864946525574119
2021-09-28,410.0326,-0.020357541554502312
2021-09-29,410.7227,0.0016816221902553607
2021-09-30,405.7027,-0.01229766556863332
2021-10-01,410.5242,0.011814254297637383
2021-10-04,405.23,-0.012980072505581752
2021-10-05,409.4464,0.010351196248988614
2021-10-06,411.1481,0.00414748682652899
2021-10-07,414.7028,0.008608628876618951
2021-10-08,413.9465,-0.0018253806767232206
2021-10-11,410.9496,-0.00726615918202711
2021-10-12,409.938,-0.0024646504882772646
2021-10-13,411.4128,0.0035911612552688155
2021-10-14,418.333,0.01668067607810375
2021-10-15,421.519,0.007587087446835561
2021-10-18,422.7669,0.0029561097934713843
2021-10-19,426.0285,0.007685282115007297
2021-10-20,427.7018,0.003919978341384578
2021-10-21,428.8174,0.002604963510115077
2021-10-22,428.373,-0.001036875914183888
2021-10-25,430.6703,0.00534852079402004
2021-10-26,431.0579,0.0008995876568480554
2021-10-27,429.1482,-0.004440106010417111
2021-10-28,433.289,0.009602628037632677
2021-10-29,434.1682,0.0020270747676205403
2021-11-01,434.9151,0.0017188230032347818
2021-11-02,436.6735,0.004034936633330766
2021-11-03,439.3395,0.006086686455041956
2021-11-04,441.4099,0.0047014594926260145
2021-11-05,442.9414,0.0034635591783942488
2021-11-08,443.3196,0.0008534732385996335
2021-11-09,441.8542,-0.003310991217144732
2021-11-10,438.2996,-0.008077268599707033
2021-11-11,438.4414,0.0003234706743189264
2021-11-12,441.7502,0.007518398462732279
2021-11-15,441.9015,0.0003424426195941521
2021-11-16,443.6505,0.003950083731186993
2021-11-17,442.5727,-0.002432345556701243
2021-11-18,444.0759,0.0033907490300286725
2021-11-19,443.2818,-0.0017898085788541351
2021-11-22,442.0339,-0.002819109220497218
2021-11-23,442.62,0.0013250381550395929
2021-11-24,443.8017,0.002666226921195225
2021-11-26,433.9035,-0.02255568189894852
2021-11-29,439.2261,0.012192155512647851
2021-11-30,430.6798,-0.019649424093659107
2021-12-01,425.8961,-0.011169470757386613
2021-12-02,432.4193,0.01520029955843949
2021-12-03,428.6566,-0.008739587183139719
2021-12-06,433.7334,0.01177392745193373
2021-12-07,442.7051,0.020473800253241414
2021-12-08,443.8774,0.0026445382876714163
2021-12-09,440.8805,-0.006774534506478247
2021-12-10,445.0307,0.009369404880887444
2021-12-13,441.0885,-0.00889773296530727
2021-12-14,438.0538,-0.0069038017018039355
2021-12-15,444.8984,0.015504207608191933
2021-12-16,440.975,-0.008857756994209431
2021-12-17,436.2849,-0.010692714180733809
2021-12-20,431.6457,-0.010690357459480992
2021-12-21,439.3113,0.017603160534306994
2021-12-22,443.7038,0.009948949301834986
2021-12-23,446.4646,0.006202891165327351
2021-12-27,452.783,0.01405286815576634
2021-12-28,452.413,-0.000817502553273286
2021-12-29,452.9917,0.0012783235580844376
2021-12-30,451.7394,-0.0027683381278054142
2021-12-31,450.601,-0.002523217632681707
2022-01-03,453.2099,0.005773126316568344
2022-01-04,453.0581,-0.0003350002458866186
2022-01-05,444.3584,-0.019388929306658476
2022-01-06,443.941,-0.0009397733032798783
2022-01-07,442.1859,-0.003961288829077425
2022-01-10,441.6356,-0.00124527423492804
2022-01-11,445.6582,0.009067182841579147
2022-01-12,446.863,0.002699769443663236
2022-01-13,440.7059,-0.013874300390392058
2022-01-14,440.8861,0.0004088058932243399
2022-01-18,433.0782,-0.017868253285615587
2022-01-19,428.5813,-0.010437860495079221
2022-01-20,423.8378,-0.011129616790692687
2022-01-21,415.5175,-0.019826103533539197
2022-01-24,417.2821,0.0042377605388228545
2022-01-25,412.1875,-0.012284148965961528
2022-01-26,411.1535,-0.0025117188227046228
2022-01-27,409.1232,-0.004950290910626265
2022-01-28,419.2839,0.024531922932336414
2022-01-31,426.8357,0.017850905554557706
2022-02-01,429.7198,0.006734206713693958
2022-02-02,433.8941,0.009667126729831388
2022-02-03,423.6954,-0.023785694273401603
2022-02-04,425.6877,0.00469117799432528
2022-02-07,424.3216,-0.003214320540247506
2022-02-08,427.8129,0.008194292181975982
2022-02-09,434.0744,0.01452999750826045
2022-02-10,426.2759,-0.018129158764528697
2022-02-11,417.8703,-0.019915691920686207
2022-02-14,416.5042,-0.0032745517047523265
2022-02-15,423.2211,0.015998191934604833
2022-02-16,423.6954,0.0011200633110481917
2022-02-17,414.6447,-0.021592791884018858
2022-02-18,411.9599,-0.006495994435743668
2022-02-22,407.5389,-0.010789626267968977
2022-02-23,400.3097,-0.01789789071651615
2022-02-24,406.334,0.01493698396983234
2022-02-25,415.2993,0.021823983605848696
2022-02-28,414.2368,-0.002561674123708002
2022-03-01,407.9278,-0.015347593022604578
2022-03-02,415.4321,0.018228985411761656
2022-03-03,413.364,-0.004990622645047793
2022-03-04,410.0055,-0.00815798648463062
2022-03-07,397.9189,-0.02992235856599912
2022-03-08,394.902,-0.007610582823437184
2022-03-09,405.4896,0.02645759302452877
2022-03-10,403.6586,-0.004525754677030314
2022-03-11,398.5261,-0.012796479506528513
2022-03-14,395.6135,-0.0073352671485880094
2022-03-15,404.3132,0.02175210059129018
2022-03-16,413.2786,0.0219321166711568
2022-03-17,418.4491,0.012433315874053719
2022-03-18,423.0323,0.010893277787142885
2022-03-21,422.9085,-0.0002926918784007526
2022-03-22,427.8572,0.011633651459440841
2022-03-23,422.3471,-0.012962007243301876
2022-03-24,428.7137,0.01496184236600584
2022-03-25,430.8073,0.0048715601840054745
2022-03-28,433.8717,0.007087977918893706
2022-03-29,439.239,0.01229481579147862
2022-03-30,436.5268,-0.006193913192372946
2022-03-31,429.8081,-0.015510940869163825
2022-04-01,431.0262,0.0028300471135898064
2022-04-04,434.7186,0.008530048089816944
2022-04-05,429.2276,-0.01271161083508865
2022-04-06,424.9356,-0.010049686343105435
2022-04-07,427.0768,0.00502622850971246
2022-04-08,425.9348,-0.0026775736280439943
2022-04-11,418.6546,-0.017240046623948402
2022-04-12,417.1034,-0.00371208359653874
2022-04-13,421.8807,0.011388419954537987
2022-04-14,416.6276,-0.012529795414137013
2022-04-18,416.7989,0.00041107404771079104
2022-04-19,423.5271,0.01601365131949617
2022-04-20,423.2131,-0.0007416679033154239
2022-04-21,416.8845,-0.015066629680456245
2022-04-22,405.4456,-0.02782249582384555
2022-04-25,407.7962,0.00578083061157475
2022-04-26,395.9861,-0.029388430175333546
2022-04-27,397.0995,0.0028077693794053005
2022-04-28,407.13,0.024945665753659085
2022-04-29,392.0842,-0.037655932117899305
2022-05-02,394.4444,0.006001579813689872
2022-05-03,396.2525,0.004573441862673278
2022-05-04,408.3196,0.02999856677221313
2022-05-05,393.8067,-0.03619002131922766
2022-05-06,391.4561,-0.0059868034518135715
2022-05-09,378.9228,-0.03254088591842308
2022-05-10,379.7983,0.0023078319255454005
2022-05-11,373.7648,-0.016013599745050122
2022-05-12,373.3746,-0.0010445173564024302
2022-05-13,382.3012,0.023626574366900854
2022-05-16,380.75,-0.004065787818324118
2022-05-17,388.5821,0.020361481317644703
2022-05-18,372.9178,-0.041146453070433076
2022-05-19,370.6338,-0.006143506876147065
2022-05-20,370.7956,0.0004364542397929938
2022-05-23,377.7332,0.018537158919357033
2022-05-24,374.8497,-0.007662980676863107
2022-05-25,378.1614,0.008795942986167482
2022-05-26,385.7176,0.0197844068779931
2022-05-27,395.1867,0.024252815968472063
2022-05-31,392.9693,-0.005626819691635809
2022-06-01,389.7907,-0.008121563369692275
2022-06-02,397.2137,0.018864494616354754
2022-06-03,390.6948,-0.016547730488415624
2022-06-06,391.8844,0.003040205812459007
2022-06-07,395.6435,0.009546654918229258
2022-06-08,391.3419,-0.010931950807187008
2022-06-09,382.0347,-0.02407016027395148
2022-06-10,370.9574,-0.029424210960696584
2022-06-13,356.8728,-0.03870781544891422
2022-06-14,355.7974,-0.003017948038881002
2022-06-15,360.8698,0.014155760728812972
2022-06-16,348.9264,-0.033656216747513845
2022-06-17,349.6786,0.0021534351763312642
2022-06-21,358.4812,0.024861771052813175
2022-06-22,357.8313,-0.0018145716522477429
2022-06-23,361.339,0.00975492957821622
2022-06-24,372.8274,0.03129900209934178
2022-06-27,371.4033,-0.003827043786677642
2022-06-28,363.8144,-0.020644686689317737
2022-06-29,363.5182,-0.000814482992717025
2022-06-30,360.5648,-0.008157673577379398
2022-07-01,364.3783,0.010520922748932904
2022-07-05,365.0665,0.001886915100887343
2022-07-06,366.2994,0.0033715030133825152
2022-07-07,371.7856,0.014866312255239933
2022-07-08,371.4797,-0.000823124710036538
2022-07-11,367.2361,-0.011489253866079352
2022-07-12,363.9865,-0.008888186424034217
2022-07-13,362.0749,-0.00526568253587012
2022-07-14,361.1956,-0.0024314566492078526
2022-07-15,368.0963,0.01892494886624796
2022-07-18,365.0569,-0.008291356874246425
2022-07-19,374.9205,0.026660771651431325
2022-07-20,377.3099,0.006352862197847919
2022-07-21,381.1521,0.010131642367896099
2022-07-22,377.6158,-0.00932123144469621
2022-07-25,378.0746,0.0012142540288238024
2022-07-26,373.6015,-0.01190180930918494
2022-07-27,383.3026,0.02563503422612179
2022-07-28,388.1102,0.01246456435356702
2022-07-29,393.7683,0.014473345334724996
2022-08-01,392.6023,-0.002965525045103057
2022-08-02,390.0121,-0.0066193759217991754
2022-08-03,396.1195,0.015538169125108858
2022-08-04,395.8519,-0.000675782004713632
2022-08-05,395.1829,-0.0016914556970242245
2022-08-08,394.7241,-0.001161655869852396
2022-08-09,393.1566,-0.003979034054641062
2022-08-10,401.4145,0.020786553495001137
2022-08-11,401.4145,0.0
2022-08-12,408.21,0.01678718859356554
2022-08-15,409.8922,0.00411245042688968
2022-08-16,410.695,0.001956648254139992
2022-08-17,407.7799,-0.007123278493379459
2022-08-18,408.9651,0.002902254270107818
2022-08-19,403.4694,-0.01352917392558517
2022-08-22,395.0682,-0.021042240177795435
2022-08-23,394.1124,-0.002422260423872835
2022-08-24,395.374,0.003196004576845546
2022-08-25,400.9557,0.01401879501019998
2022-08-26,387.3838,-0.03443501453305586
2022-08-29,384.8223,-0.006634263560029829
2022-08-30,380.5978,-0.011038494796818732
2022-08-31,377.7018,-0.007638179104413112
2022-09-01,378.887,0.0031330121975639003
2022-09-02,374.8918,-0.010600556588346244
2022-09-06,373.4773,-0.0037802247165066305
2022-09-07,380.1868,0.01780548459563125
2022-09-08,382.6718,0.006514991873121545
2022-09-09,388.6167,0.015415808045643686
2022-09-12,392.7934,0.010690263093939834
2022-09-13,375.7138,-0.04445609055516009
2022-09-14,377.1475,0.003808674275338042
2022-09-15,372.8656,-0.011418324618803766
2022-09-16,370.0214,-0.0076571911929654846
2022-09-19,372.8909,0.007725041758155804
2022-09-20,368.6107,-0.011544809989863403
2022-09-21,362.1807,-0.01759781501990254
2022-09-22,359.1384,-0.008435429035279718
2022-09-23,353.1211,-0.01689677192474548
2022-09-26,349.6278,-0.009941897521252407
2022-09-27,348.7353,-0.0025559783610953346
2022-09-28,355.5971,0.01948516666631761
2022-09-29,348.1691,-0.021110067081863804
2022-09-30,342.7852,-0.015584269364739889
2022-10-03,351.8351,0.026058587995274607
2022-10-04,362.7373,0.03051628088915237
2022-10-05,361.8928,-0.0023308454405528423
2022-10-06,358.1595,-0.010369617465557646
2022-10-07,348.1691,-0.0282901366135766
2022-10-10,345.5107,-0.007664668956597787
2022-10-11,343.3226,-0.006353082406459265
2022-10-12,342.1901,-0.0033040993414088504
2022-10-13,351.2209,0.02604893965129662
2022-10-14,343.217,-0.023052470054283347
2022-10-17,352.0367,0.025372531340312143
2022-10-18,356.173,0.011681136343395515
2022-10-19,353.6489,-0.007111954813035837
2022-10-20,350.6835,-0.008420505777573695
2022-10-21,359.2056,0.024010819227282987
2022-10-24,363.601,0.012162186067604885
2022-10-25,369.4072,0.015842446067216187
2022-10-26,366.6241,-0.007562486171595495
2022-10-27,364.6663,-0.005354383641339666
2022-10-28,373.342,0.023512200808447403
2022-10-31,370.6452,-0.007249618841005834
2022-11-01,369.0233,-0.004385485117803789
2022-11-02,359.7622,-0.025416528046830145
2022-11-03,356.0578,-0.01035018040795066
2022-11-04,361.1826,0.014290570401303881
2022-11-07,364.6375,0.009520061771633337
2022-11-08,366.6049,0.005380991986192463
2022-11-09,359.0521,-0.020817198076032994
2022-11-10,378.7835,0.053497298450291275
2022-11-11,382.4495,0.009631816649486424
2022-11-14,379.1961,-0.008543132888730653
2022-11-15,382.4303,0.00849292892203124
2022-11-16,379.5128,-0.007658089582743166
2022-11-17,378.3516,-0.0030644028369550824
2022-11-18,380.0695,0.004530208713886097
2022-11-21,378.6875,-0.003642804028862301
2022-11-22,383.7835,0.01336726480302719
2022-11-23,386.2019,0.006281698204786856
2022-11-25,386.1156,-0.00022348321864829046
2022-11-28,379.9543,-0.016085824164029816
2022-11-29,379.3017,-0.001719051705117991
2022-11-30,391.2499,0.031014555638050112
2022-12-01,390.962,-0.0007361177016109721
2022-12-02,390.511,-0.0011542306645786482
2022-12-05,383.486,-0.01815302362314508
2022-12-06,377.9581,-0.014519771359133848
2022-12-07,377.3151,-0.0017026955420833545
2022-12-08,380.271,0.007803509066190983
2022-12-09,377.4303,-0.007498240558705405
2022-12-12,382.8718,0.01431429141867202
2022-12-13,385.7701,0.007541388873358201
2022-12-14,383.3036,-0.006414231708781415
2022-12-15,373.9274,-0.02476570353925389
2022-12-16,369.5131,-0.011875467849110422
2022-12-19,366.3798,-0.008515692799255348
2022-12-20,366.8811,0.0013673170848216287
2022-12-21,372.3669,0.014841841170341041
2022-12-22,367.0546,-0.014369047700199644
2022-12-23,369.166,0.00573579654967471
2022-12-27,367.7102,-0.003951279452557799
2022-12-28,363.1404,-0.012505591582451459
2022-12-29,369.677,0.017840115057020434
2022-12-30,368.7033,-0.002637395836291745
2023-01-03,367.1511,-0.00421877562240347
2023-01-04,369.9855,0.0076903357373723225
2023-01-05,365.7627,-0.011479053212201329
2023-01-06,374.1505,0.022673360418933086
2023-01-09,373.9384,-0.0005670449212207274
2023-01-10,376.5607,0.006988178057986794
2023-01-11,381.3234,0.012568577956642457
2023-01-12,382.7117,0.0036341302328342096
2023-01-13,384.1965,0.0038721762401969784
2023-01-17,383.4927,-0.0018335550302825965
2023-01-18,377.4381,-0.015914003690033596
2023-01-19,374.6904,-0.007306496758985759
2023-01-20,381.6705,0.018457585962881495
2023-01-23,386.25,0.011927157274040034
2023-01-24,385.8354,-0.0010739745625309993
2023-01-25,385.9801,0.00037496008228732336
2023-01-26,390.2221,0.010930250475182035
2023-01-27,391.1187,0.0022950302698765412
2023-01-30,386.2114,-0.012626206533758122
2023-01-31,391.89,0.014596300223569614
2023-02-01,396.055,0.010571902332618954
2023-02-02,401.8203,0.014451883253491005
2023-02-03,397.5493,-0.010686022191556788
2023-02-06,395.1198,-0.006129941504233294
2023-02-07,400.2874,0.012993779053528165
2023-02-08,395.9103,-0.010995118665896086
2023-02-09,392.4781,-0.008706930957079528
2023-02-10,393.394,0.0023309146989340945
2023-02-13,398.0121,0.011670752645967397
2023-02-14,397.8289,-0.0004603934786873154
2023-02-15,399.1208,0.0032421146068060125
2023-02-16,393.6254,-0.01386443234418433
2023-02-17,392.642,-0.0025014403821854714
2023-02-21,384.7653,-0.020264717223894557
2023-02-22,384.235,-0.0013791934387024085
2023-02-23,386.2789,0.005305302847893323
2023-02-24,382.1525,-0.010739903818111074
2023-02-27,383.4541,0.0034001829503811365
2023-02-28,382.0369,-0.003702725751633551
2023-03-01,380.5714,-0.0038433932701487095
2023-03-02,383.5312,0.007747165900410913
2023-03-03,389.6822,0.015910561710026805
2023-03-06,389.9522,0.0006926323692075798
2023-03-07,383.9747,-0.015447502509013056
2023-03-08,384.6014,0.0016308082931386636
2023-03-09,377.5056,-0.01862207027752305
2023-03-10,372.0584,-0.01453457181720097
2023-03-13,371.5281,-0.0014263306014949961
2023-03-14,377.6695,0.016394973940846214
2023-03-15,375.3074,-0.006274051032414185
2023-03-16,381.8922,0.01739294632220556
2023-03-17,377.4269,-0.011761462274212597
2023-03-20,381.0561,0.009569700827976035
2023-03-21,386.0595,0.013044894281577513
2023-03-22,379.4786,-0.01719329740453457
2023-03-23,380.5044,0.0026995357079275806
2023-03-24,383.0013,0.006540642463948032
2023-03-27,383.7175,0.0018682213304535011
2023-03-28,382.8562,-0.0022471430012247495
2023-03-29,388.4209,0.014430083714081832
2023-03-30,390.6952,0.005838170870328341
2023-03-31,396.2019,0.013996213466351826
2023-04-03,397.7117,0.003803441130330043
2023-04-04,395.5051,-0.005563688746980766
2023-04-05,394.4696,-0.002621604446487069
2023-04-06,396.0084,0.003893345403105819
2023-04-10,396.4148,0.0010257146323597865
2023-04-11,396.5213,0.0002686218993952494
2023-04-12,394.9051,-0.004084276811323839
2023-04-13,400.1505,0.013195243472550189
2023-04-14,399.173,-0.002445819464300669
2023-04-17,400.6054,0.0035819960417962093
2023-04-18,400.8667,0.000652050169327012
2023-04-19,400.7989,-0.00016914783461263738
2023-04-20,398.6117,-0.005472045173428697
2023-04-21,398.9214,0.0007766449206112469
2023-04-24,399.3376,0.0010427694212369332
2023-04-25,392.9986,-0.016001124902381036
2023-04-26,391.334,-0.004244634225955224
2023-04-27,399.1246,0.019712233546154145
2023-04-28,402.5313,0.00849920896816414
2023-05-01,402.1248,-0.0010103696090322245
2023-05-02,397.6052,-0.011302935033557837
2023-05-03,394.8761,-0.006887508357678485
2023-05-04,392.0792,-0.007108184610751245
2023-05-05,399.3376,0.018343314225037766
2023-05-08,399.444,0.0002664057375110218
2023-05-09,397.6923,-0.004394989463262888
2023-05-10,399.5505,0.0046615745289448896
2023-05-11,398.8537,-0.0017454822429847638
2023-05-12,398.3311,-0.0013111139973149832
2023-05-15,399.7053,0.003443956587100949
2023-05-16,397.0342,-0.006705102501777915
2023-05-17,401.8538,0.012065917806245885
2023-05-18,405.7249,0.00958700285075853
2023-05-19,405.1346,-0.001455986158591216
2023-05-22,405.2991,0.0004059554834876522
2023-05-23,400.7505,-0.011286273904926425
2023-05-24,397.8472,-0.007271027179069911
2023-05-25,401.2925,0.008622575867868854
2023-05-26,406.4895,0.01286751055763613
2023-05-30,406.6443,0.00038074915068087023
2023-05-31,404.3894,-0.005560572415464371
2023-06-01,408.2315,0.009456140322146034
2023-06-02,414.135,0.014357592173721123
2023-06-05,413.3414,-0.0019181217574715248
2023-06-06,414.2415,0.002175251216327112
2023-06-07,412.8091,-0.0034638785878771117
2023-06-08,415.306,0.006030339421758235
2023-06-09,416.0512,0.0017927316912205171
2023-06-12,419.8256,0.009031057335968207
2023-06-13,422.5935,0.006571337141785705
2023-06-14,423.0967,0.0011900340322856806
2023-06-15,428.3421,0.012321417256799805
2023-06-16,426.8836,-0.0034107988428333513
2023-06-20,424.6688,-0.005201805535740789
2023-06-21,422.4929,-0.005136929076962282
2023-06-22,424.018,0.0036032652387509856
2023-06-23,420.8124,-0.007588778491105508
2023-06-26,419.0931,-0.004094037725559829
2023-06-27,423.6877,0.010903536292712346
2023-06-28,423.9014,0.0005042537817629977
2023-06-29,425.5722,0.003933735326286936
2023-06-30,430.5943,0.011731731154259073
2023-07-03,431.0897,0.001149841599895396
2023-07-05,430.4486,-0.0014882684108954436
2023-07-06,427.0779,-0.007861488501942127
2023-07-07,425.9996,-0.0025280248846710762
2023-07-10,427.0779,0.0025280248846710762
2023-07-11,429.7977,0.006348200681428828
2023-07-12,433.2559,0.00801391363856041
2023-07-13,436.6945,0.007905319447312209
2023-07-14,436.4226,-0.0006228259847143036
2023-07-17,437.9379,0.0034660795336263206
2023-07-18,441.192,0.007403035346002618
2023-07-19,442.1731,0.0022212795216889347
2023-07-20,439.2396,-0.00665638430514548
2023-07-21,439.2396,0.0
2023-07-24,441.2018,0.004457317088212953
2023-07-25,442.4063,0.00272632345962176
2023-07-26,442.4743,0.0001536930522245683
2023-07-27,439.5407,-0.006652065594431988
2023-07-28,443.8439,0.009742605967263174
2023-07-31,444.689,0.001902237395674078
2023-08-01,443.4165,-0.0028656524946875095
2023-08-02,437.2482,-0.014008511686942171
2023-08-03,435.9951,-0.0028699924983870417
2023-08-04,434.0232,-0.004533015860901379
2023-08-07,437.8116,0.00869069196182437
2023-08-08,435.9077,-0.004358157164392473
2023-08-09,432.9936,-0.006707576397508852
2023-08-10,433.149,0.0003588323716385844
2023-08-11,432.8964,-0.0005833412593911902
2023-08-14,435.286,0.00550484790846717
2023-08-15,430.2154,-0.011717272817007185
2023-08-16,427.0584,-0.007365241469903694
2023-08-17,423.8043,-0.007648979948449153
2023-08-18,424.0083,0.0004812384339105691
2023-08-21,426.767,0.006485166338597637
2023-08-22,425.6111,-0.002712178336253146
2023-08-23,430.3514,0.011076065741816521
2023-08-24,424.3871,-0.013956073831323579
2023-08-25,427.379,0.00702519695260051
2023-08-28,430.0891,0.006321189147554307
2023-08-29,436.306,0.014351435515456146
2023-08-30,438.103,0.004110210507555223
2023-08-31,437.4619,-0.0014644262568594968
2023-09-01,438.2779,0.0018635677769953674
2023-09-05,436.3837,-0.004331281860928904
2023-09-06,433.4501,-0.006745222185529087
2023-09-07,432.1193,-0.0030749724946605994
2023-09-08,432.7702,0.001505163660526776
2023-09-11,435.6163,0.006554938822157297
2023-09-12,433.2267,-0.005500662433216341
2023-09-13,433.7318,0.001165223150012551
2023-09-14,437.4716,0.008585418678372037
2023-09-15,432.2009,-0.012121262965040458
2023-09-18,432.4543,0.0005861296092461998
2023-09-19,431.5575,-0.002075898320028635
2023-09-20,427.59,-0.009235965194059226
2023-09-21,420.5227,-0.016666331225944298
2023-09-22,419.5771,-0.0022511620627394535
2023-09-25,421.3415,0.004196369515873322
2023-09-26,415.1515,-0.01480015490885389
2023-09-27,415.3172,0.00039905176967813816
2023-09-28,417.725,0.005780755657143644
2023-09-29,416.7112,-0.002429905363229956
2023-10-02,416.5454,-0.00039795664909991757
2023-10-03,410.9695,-0.013476456771027046
2023-10-04,413.9622,0.007255662812142738
2023-10-05,413.8062,-0.00037691702618047884
2023-10-06,418.7193,0.011803018736066484
2023-10-09,421.4,0.006381734351209367
2023-10-10,423.5933,0.0051912954237662845
2023-10-11,425.3285,0.004088014741840951
2023-10-12,422.7355,-0.006115123576462267
2023-10-13,420.6299,-0.004993338296741534
2023-10-16,425.0555,0.010466398971317403
2023-10-17,425.036,-4.5877414380335324e-05
2023-10-18,419.3724,-0.01341456321463852
2023-10-19,415.6876,-0.00882529139485122
2023-10-20,410.5796,-0.012364196649526704
2023-10-23,409.868,-0.001734663318991636
2023-10-24,412.9582,0.0075112205437148916
2023-10-25,407.0313,-0.014456290522611326
2023-10-26,402.1573,-0.012046781046514354
2023-10-27,400.3344,-0.0045431077613908855
2023-10-30,405.1207,0.011884849542741271
2023-10-31,407.6649,0.006260466006424714
2023-11-01,412.0126,0.010608418002377107
2023-11-02,419.9085,0.018982898994080344
2023-11-03,423.7395,0.009082049226356581
2023-11-06,424.7143,0.002297827952242315
2023-11-07,425.9231,0.002842105963551944
2023-11-08,426.235,0.0007320238202934704
2023-11-09,422.9109,-0.007829318801642948
2023-11-10,429.5104,0.01548443677266853
2023-11-13,429.101,-0.0009536328798480653
2023-11-14,437.4258,0.019214768960098105
2023-11-15,438.3519,0.0021149210471911317
2023-11-16,438.8881,0.0012224706278249897
2023-11-17,439.434,0.0012430521110484705
2023-11-20,442.8165,0.007667927812839537
2023-11-21,441.8515,-0.0021816102373701796
2023-11-22,443.5574,0.0038533656276262818
2023-11-24,443.8303,0.0006150637621038513
2023-11-27,443.031,-0.001802537141760041
2023-11-28,443.4697,0.0009897342118545538
2023-11-29,443.1577,-0.0007037905954145884
2023-11-30,444.9026,0.003929693164903547
2023-12-01,447.5346,0.005898471356937662
2023-12-04,445.1853,-0.005263253173417581
2023-12-05,445.0976,-0.0001970160277897648
2023-12-06,443.3039,-0.004038044594272705
2023-12-07,446.6865,0.0076014669098709575
2023-12-08,448.6069,0.004289996877592017
2023-12-11,450.3518,0.003882051959340771
2023-12-12,452.4087,0.004556919713215812
2023-12-13,458.6474,0.013695748302669841
2023-12-14,460.1194,0.003204297890351704
2023-12-15,459.3618,-0.0016478861589339644
2023-12-18,461.9457,0.0056092168463495184
2023-12-19,464.7548,0.006062602974899356
2023-12-20,458.3145,-0.01395432500240723
2023-12-21,462.6602,0.009437245676500616
2023-12-22,463.5901,0.002007881265818412
2023-12-26,465.5476,0.004213590506932263
2023-12-27,466.3893,0.0018063459636898926
2023-12-28,466.5655,0.0003777246273770629
2023-12-29,465.2148,-0.0028991833076581486
2024-01-02,462.6113,-0.005612057761989142
2024-01-03,458.8333,-0.008200213383357635
2024-01-04,457.3553,-0.003226412732341366
2024-01-05,457.9818,0.0013688947991550293
2024-01-08,464.5199,0.014174953768206322
2024-01-09,463.8152,-0.0015182020702591004
2024-01-10,466.4382,0.005639338596158616
2024-01-11,466.2327,-0.0004406699154557714
2024-01-12,466.5557,0.000692547233455798
2024-01-16,464.8429,-0.0036779139044460507
2024-01-17,462.2589,-0.005574375308496471
2024-01-18,466.3697,0.008853543498730687
2024-01-19,472.1836,0.012389225770871093
2024-01-22,473.1819,0.0021119881592381873
2024-01-23,474.562,0.002912392209548642
2024-01-24,475.0807,0.0010924109701111462
2024-01-25,477.6646,0.005424128222117908
2024-01-26,477.0578,-0.00127115501156716
2024-01-29,480.8358,0.007888182132098187
2024-01-30,480.4639,-0.0007737441685540247
2024-01-31,472.624,-0.016451949148612144
2024-02-01,478.8098,0.013003294944122779
2024-02-02,483.8504,0.010472326718487857
2024-02-05,482.0886,-0.003647853443466964
2024-02-06,483.4883,0.0028992014627027274
2024-02-07,487.5208,0.008305840146036303
2024-02-08,487.7361,0.0004415246967193198
2024-02-09,490.5549,0.005762718456515437
2024-02-12,490.3396,-0.00043898707446565766
2024-02-13,483.5861,-0.013868836708198273
2024-02-14,487.9808,0.009046685251903774
2024-02-15,491.3477,0.0068759629996622
2024-02-16,488.9008,-0.004992417906800384
2024-02-20,486.2092,-0.00552062195249281
2024-02-21,486.6497,0.0009055784556295521
2024-02-22,496.7211,0.020484139168639004
2024-02-23,497.0637,0.0006894853162826564
2024-02-26,495.2432,-0.0036692318525419765
2024-02-27,496.1632,0.0018559498185251044
2024-02-28,495.5074,-0.001322616795537357
2024-02-29,497.2888,0.003588655782134076
2024-03-01,501.9575,0.009344510902826286
2024-03-04,501.4192,-0.001072976981914664
2024-03-05,496.4079,-0.01004450998242934
2024-03-06,498.9233,0.005054408733665028
2024-03-07,503.8758,0.009877432608936587
2024-03-08,500.8515,-0.006020159169486838
2024-03-11,500.4208,-0.0008603054864577686
2024-03-12,505.804,0.010699897993244889
2024-03-13,505.0112,-0.0015686352214823174
2024-03-14,504.0129,-0.0019787442653367293
2024-03-15,500.5518,-0.006890773078533918
2024-03-18,503.5267,0.005925649647672948
2024-03-19,506.3248,0.005541621041705191
2024-03-20,511.008,0.009206885065700554
2024-03-21,512.6967,0.003299196597903453
2024-03-22,511.7247,-0.0018976571393167774
2024-03-25,510.3109,-0.002766637290915419
2024-03-26,509.3684,-0.0018486209701586986
2024-03-27,513.6491,0.008368820638897212
2024-03-28,513.5509,-0.00019119937752964944
2024-04-01,512.6574,-0.0017413623058457617
2024-04-02,509.3979,-0.006378345771687499
2024-04-03,509.9575,0.0010979488728199982
2024-04-04,503.7329,-0.01228122163731804
2024-04-05,508.9953,0.01039261544083736
2024-04-08,509.28,0.0005591808176399482
2024-04-09,509.8691,0.0011560625733961771
2024-04-10,504.7638,-0.010063429020511272
2024-04-11,508.5731,0.007518364215548523
2024-04-12,501.5533,-0.013899078391137465
2024-04-15,495.2697,-0.012607420233583078
2024-04-16,494.3665,-0.0018253177294287326
2024-04-17,491.4407,-0.005935863707930089
2024-04-18,490.4295,-0.0020597434518432323
2024-04-19,486.1488,-0.008766787909632257
2024-04-22,490.6258,0.009166969229930544
2024-04-23,496.4479,0.01179682432882867
2024-04-24,496.2123,-0.0004746840951694864
2024-04-25,494.3272,-0.003806213231935196
2024-04-26,499.0104,0.009429291107385218
2024-04-29,500.7776,0.0035351531333365216
2024-04-30,492.8447,-0.015967976076452395
2024-05-01,491.2444,-0.0032523506471831
2024-05-02,495.8392,0.00930991698704986
2024-05-03,501.9853,0.012319155780000202
2024-05-06,507.1692,0.010273839332642254
2024-05-07,507.7288,0.0011027710306086291
2024-05-08,507.7779,9.670049451759866e-05
2024-05-09,510.7037,0.00574543133303429
2024-05-10,511.3615,0.0012871979024904334
2024-05-13,511.4302,0.00013433820415897912
2024-05-14,513.7767,0.004577620571024177
2024-05-15,520.1388,0.012306963771840707
2024-05-16,519.0686,-0.0020596473395562143
2024-05-17,519.8148,0.0014365425962621359
2024-05-20,520.4137,0.0011514779035062261
2024-05-21,521.69,0.0024494695453807225
2024-05-22,520.1879,-0.00288344928084161
2024-05-23,516.3883,-0.007331090598854395
2024-05-24,519.805,0.00659473938472388
2024-05-28,520.1682,0.0006984795661395538
2024-05-29,516.5257,-0.007027175503276695
2024-05-30,513.0993,-0.006655651617744063
2024-05-31,517.7726,0.009066756042963142
2024-06-03,518.1948,0.0008150836085665247
2024-06-04,518.7741,0.0011172949550637412
2024-06-05,524.9398,0.011815061053130016
2024-06-06,524.93,-1.8668981621061675e-05
2024-06-07,524.2918,-0.0012165208132488559
2024-06-10,525.9118,0.003085118514017715
2024-06-11,527.1783,0.002405303422014171
2024-06-12,531.508,0.008179427917689885
2024-06-13,532.5782,0.002011491852529801
2024-06-14,532.9022,0.0006081763868888146
2024-06-17,537.1436,0.007927552657891468
2024-06-18,538.5083,0.0025374393560397834
2024-06-20,537.0454,-0.002720274965552605
2024-06-21,536.3255,-0.0013413818242016262
2024-06-24,534.5821,-0.003255932706355935
2024-06-25,536.6407,0.0038434628803116766
2024-06-26,537.3105,0.0012473566524153767
2024-06-27,538.1576,0.0015753143680994341
2024-06-28,536.0399,-0.003942855468382689
2024-07-01,537.1431,0.0020559408574172267
2024-07-02,540.7579,0.006707134609149179
2024-07-03,543.1711,0.0044526975237513255
2024-07-05,546.3033,0.005749944431355125
2024-07-08,546.9336,0.0011530896365421484
2024-07-09,547.4655,0.0009720403495965257
2024-07-10,552.8829,0.0098467790239809
2024-07-11,548.1156,-0.008660011424026948
2024-07-12,551.5728,0.006287620001785399
2024-07-15,553.0897,0.00274636090830338
2024-07-16,556.3696,0.005912627088179967
2024-07-17,548.5687,-0.014120299049046103
2024-07-18,544.353,-0.0077145890836538555
2024-07-19,540.7382,-0.006662690421178397
2024-07-22,546.3131,0.010257011561688678
2024-07-23,545.4562,-0.001569745872057382
2024-07-24,533.0948,-0.022923239226904535
2024-07-25,530.3172,-0.005223951425497475
2024-07-26,536.2566,0.011137459770642621
2024-07-29,536.5718,0.0005876056395779372
2024-07-30,533.8533,-0.005079301381506696
2024-07-31,542.5308,0.01612377587970304
2024-08-01,534.8481,-0.014262076648607902
2024-08-02,524.89,-0.01879406451904142
2024-08-05,509.6033,-0.029556136924743903
2024-08-06,514.3016,0.009177283896549149
2024-08-07,510.8641,-0.006706258087133321
2024-08-08,522.6739,0.022854145718604002
2024-08-09,524.9787,0.004399938907813095
2024-08-12,525.2545,0.0005252166972828931
2024-08-13,533.8927,0.016311975402905965
2024-08-14,535.5769,0.003149601245832301
2024-08-15,544.7569,0.016995156419197244
2024-08-16,545.9782,0.0022394081026568813
2024-08-19,551.1986,0.009516131575421305
2024-08-20,550.3022,-0.0016275979062125856
2024-08-21,552.1934,0.00343076535629816
2024-08-22,547.8595,-0.007879480019419738
2024-08-23,553.6807,0.010569299587006142
2024-08-26,552.3608,-0.0023867108540773785
2024-08-27,553.1192,0.0013720738846103586
2024-08-28,549.9083,-0.005821992778257901
2024-08-29,549.9575,8.946546029964253e-05
2024-08-30,555.2074,0.009500735120477444
2024-09-03,543.7817,-0.020793858079873218
2024-09-04,542.6687,-0.0020488747380538186
2024-09-05,541.3489,-0.0024350170184046505
2024-09-06,532.2379,-0.01697341796030649
2024-09-09,538.197,0.011134094303868913
2024-09-10,540.5412,0.004346195749898918
2024-09-11,546.0866,0.010206711335425389
2024-09-12,550.6864,0.008387928895247754
2024-09-13,553.5625,0.005209163447968734
2024-09-16,554.38,0.0014757086190968494
2024-09-17,554.6066,0.00040866139077522234
2024-09-18,552.9617,-0.002970293045337691
2024-09-19,562.3977,0.016920510337825156
2024-09-20,561.425,-0.0017310564075563306
2024-09-23,562.8279,0.0024957031076686675
2024-09-24,564.4383,0.0028571797780125863
2024-09-25,563.1935,-0.002207813766235134
2024-09-26,565.4263,0.0039566963346837625
2024-09-27,564.6063,-0.0014512858194102307
2024-09-30,566.8688,0.003999209554807592
2024-10-01,561.7905,-0.008998879059323173
2024-10-02,562.0276,0.00042195441329440087
2024-10-03,561.0001,-0.0018298752323033796
2024-10-04,566.0982,0.009046477611520665
2024-10-07,560.9804,-0.009081594086365108
2024-10-08,566.2859,0.009413107045119773
2024-10-09,570.2082,0.006902482948067501
2024-10-10,569.2103,-0.0017515956694342805
2024-10-11,572.6189,0.005970437829539321
2024-10-14,577.302,0.00814512700989578
2024-10-15,572.8165,-0.007800105366666976
2024-10-16,575.3062,0.004336999699620314
2024-10-17,575.3556,8.586363087825788e-05
2024-10-18,577.5687,0.0038391119316312228
2024-10-21,576.6202,-0.0016435788171573762
2024-10-22,576.314,-0.0005311664918945525
2024-10-23,571.048,-0.009179381880358939
2024-10-24,572.283,0.002160355103336009
2024-10-25,572.0854,-0.0003453433386733096
2024-10-28,573.8539,0.0030865533698225533
2024-10-29,574.7826,0.0016170480432533552
2024-10-30,573.0437,-0.003029903270736156
2024-10-31,561.8103,-0.019797730648454248
2024-11-01,564.1815,0.00421175981070121
2024-11-04,562.9662,-0.00215641742593764
2024-11-05,569.7735,0.012019322622284001
2024-11-06,583.9412,0.024561379391861315
2024-11-07,588.4564,0.0077025444671239285
2024-11-08,591.0054,0.0043223171254167525
2024-11-11,591.5685,0.0009523295627573702
2024-11-12,589.7309,-0.0031111528241165587
2024-11-13,590.0174,0.000485696831487914
2024-11-14,586.2235,-0.006450911810135018
2024-11-15,578.7148,-0.012891333363739932
2024-11-18,581.086,0.004088983735533347
2024-11-19,583.2101,0.003648732236679386
2024-11-20,583.4077,0.00033875704946328966
2024-11-21,586.5397,0.005354099649133026
2024-11-22,588.3576,0.0030945708203429234
2024-11-25,590.3533,0.0033862449341901524
2024-11-26,593.4358,0.0052078650950990735
2024-11-27,591.6377,-0.0030345820404305
2024-11-29,595.313,0.0061928633533234745
2024-12-02,596.38,0.0017907301379302965
2024-12-03,596.6567,0.0004638583288532061
2024-12-04,600.3616,0.006190234235623926
2024-12-05,599.3736,-0.0016470304836371241
2024-12-06,600.5098,0.0018938512518769102
2024-12-09,597.4174,-0.005162929548986561
2024-12-10,595.56,-0.00311389218409186
2024-12-11,600.164,0.007700811813379893
2024-12-12,597.0716,-0.005165912001189987
2024-12-13,596.9531,-0.00019848835688041078
2024-12-16,599.5021,0.004260926537873466
2024-12-17,597.0321,-0.004128596589201727
2024-12-18,579.2384,-0.030256743574921252
2024-12-19,579.0606,-0.0003070019077915376
2024-12-20,586.0154,0.011938933786566075
2024-12-23,589.5247,0.005970549919646295
2024-12-24,596.0773,0.011053737627039872
2024-12-26,596.1169,6.643212995705028e-05
2024-12-27,589.8419,-0.0105822538830882
2024-12-30,583.1109,-0.011477143643782384
2024-12-31,580.9895,-0.0036447068455078835
2025-01-02,579.562,-0.0024600385591000418
2025-01-03,586.8085,0.012425885667806114
2025-01-06,590.1889,0.005744123639821019
2025-01-07,583.5173,-0.011368555189070761
2025-01-08,584.3698,0.0014599016487331085
2025-01-10,575.448,-0.015385133740059231
2025-01-13,576.3402,0.0015492434780135511
2025-01-14,577.1332,0.0013749777410296815
2025-01-15,587.6313,0.018026621323366854
2025-01-16,586.5012,-0.0019249962827467826
2025-01-17,592.3896,0.009989812406693055
2025-01-21,597.8121,0.009111963994296701
2025-01-22,601.1726,0.005605590796355919
2025-01-23,604.4539,0.005443324449177389
2025-01-24,602.6893,-0.0029235988852018835
2025-01-27,594.164,-0.014246431356835565
2025-01-28,599.2693,0.00855570418945728
2025-01-29,596.5828,-0.004493038093006163
2025-01-30,599.7848,0.00535288258502753
2025-01-31,596.5927,-0.005336288211442053
2025-02-03,592.5779,-0.006752294841545492
2025-02-04,596.5531,0.006685915694898625
2025-02-05,598.9719,0.004046428640752886
2025-02-06,601.0537,0.0034695961292969812
2025-02-07,595.5519,-0.009195742975078858
2025-02-10,599.5964,0.006768223557661379
2025-02-11,600.0524,0.0007602225283962483
2025-02-12,598.1194,-0.0032265851641888332
2025-02-13,604.434,0.010502083380755423
2025-02-14,604.4043,-4.913808572393208e-05
2025-02-18,606.1788,0.002931647188730402
2025-02-19,607.6062,0.0023519826954689904
2025-02-20,605.0784,-0.004168938339129014
2025-02-21,594.7291,-0.017252028661913776
2025-02-24,592.0228,-0.004560860094253272
2025-02-25,589.0786,-0.004985526387976336
2025-02-26,589.376,0.0005047288309851794
2025-02-27,579.9684,-0.01609073080129697
2025-02-28,589.0191,0.01548499167201367
2025-03-03,578.6995,-0.01767526639572825
2025-03-04,571.8495,-0.011907499702209279
2025-03-05,577.9957,0.010690584326657593
2025-03-06,567.7356,-0.017910611810413535
2025-03-07,570.9177,0.00558924878008682
2025-03-10,555.7109,-0.026996871174379322
2025-03-11,551.0914,-0.008347519379533708
2025-03-12,554.0158,0.005292530582097221
2025-03-13,546.6305,-0.013420134771219061
2025-03-14,557.9216,0.020445379292918453
2025-03-17,562.2239,0.00768171841266696
2025-03-18,556.1471,-0.01086734152668889
2025-03-19,562.2041,0.010832123620336809
2025-03-20,560.5783,-0.002896021769295487
2025-03-21,560.7626,0.00032871359933395183
2025-03-24,570.805,0.017750002145666244
2025-03-25,572.1771,0.002400913643546332
2025-03-26,565.3463,-0.012010095102001017
2025-03-27,563.8449,-0.0026592500628348503
2025-03-28,552.49,-0.02034387999802778
2025-03-31,556.1988,0.006690450619636579
2025-04-01,557.7698,0.002820548158190661
2025-04-02,561.2995,0.0063082987000928625
2025-04-03,533.6382,-0.05053654991409129
2025-04-04,502.3975,-0.06032644221746786
2025-04-07,501.5026,-0.001782847191747372
2025-04-08,493.6477,-0.015786686960083784
2025-04-09,545.4902,0.09986273506705334
2025-04-10,521.5874,-0.044807986063226224
2025-04-11,530.894,0.01768552408342572
2025-04-14,536.0444,0.009654615498620345
2025-04-15,534.543,-0.002804817213975852
2025-04-16,522.6612,-0.022478723243152032
2025-04-17,523.4069,0.0014257200392862046
2025-04-21,510.9484,-0.024090566411704373
2025-04-22,524.2421,0.025684993890634722
2025-04-23,532.3655,0.01537668299762096
2025-04-24,543.5712,0.020830417221331388
2025-04-25,547.4987,0.007199386517571682
2025-04-28,547.7075,0.00038129806520448284
2025-04-29,551.1577,0.006279589776267969
2025-04-30,551.3764,0.00039672242857324846
2025-05-01,555.284,0.007061997049696345
2025-05-02,563.5267,0.014735020210197014
2025-05-05,560.2953,-0.005750748615872325
2025-05-06,555.6121,-0.00839357727189416
2025-05-07,557.9487,0.0041966337703289724
2025-05-08,561.8364,0.00694368164096737
2025-05-09,561.1205,-0.001275026845617866
2025-05-12,579.6641,0.032513120377818616
2025-05-13,583.4922,0.00658228618372636
2025-05-14,584.2379,0.0012771788641305903
2025-05-15,587.0915,0.0048724221307656634
2025-05-16,590.8102,0.0063141302110816255
2025-05-19,591.4565,0.0010933236373480426
2025-05-20,589.4679,-0.0033678733027322494
2025-05-21,579.5349,-0.016994380270888954
2025-05-22,579.7636,0.0003945489500196686
2025-05-23,575.8063,-0.006849114830451697
2025-05-27,587.7776,0.02057732564133108
2025-05-28,584.3771,-0.00580215143923013
2025-05-29,586.6839,0.003939680313267857
2025-05-30,586.0276,-0.0011192864886506726
2025-06-02,589.3287,0.005617205063622954
2025-06-03,592.6894,0.005686391867766538
2025-06-04,592.5303,-0.0002684734331630523
2025-06-05,589.6667,-0.0048445489214401505
2025-06-06,595.722,0.010216653273189102
2025-06-09,596.2589,0.0009008534219123732
2025-06-10,599.6395,0.005653672594244874
2025-06-11,597.9293,-0.0028561217736626787
2025-06-12,600.3057,0.0039665059286218
2025-06-13,593.5942,-0.0112431045491439
2025-06-16,599.2418,0.009469268533541353
2025-06-17,594.1212,-0.00858185049621607
2025-06-18,594.0317,-0.0001506540112288235
2025-06-20,592.6368,-0.00235095250689632
2025-06-23,598.4906,0.009829086508045037
2025-06-24,605.1023,0.010986715702482996
2025-06-25,605.4413,0.0005600789742086221
2025-06-26,610.1782,0.007793432033017744
2025-06-27,613.2098,0.004956082952209506
2025-06-30,616.1416,0.0047696786421882464
2025-07-01,615.9422,-0.0003236792850307424
2025-07-02,618.7345,0.004523135101811349
2025-07-03,623.6109,0.00785035312008553
2025-07-07,618.9638,-0.007479826631322517
2025-07-08,618.6248,-0.0005478395784814794
2025-07-09,622.3345,0.005978779562731518
2025-07-10,624.0896,0.0028162182679034586
2025-07-11,621.8957,-0.0035215540139601487
2025-07-14,623.0824,0.0019063794927802746
2025-07-15,620.4198,-0.004282427597085636
2025-07-16,622.494,0.0033376440514629735
2025-07-17,626.3035,0.0061010881537351125
2025-07-18,625.8447,-0.000732820636618392
2025-07-21,627.0315,0.0018945213501107006
2025-07-22,627.1212,0.000143044782590529
2025-07-23,632.4564,0.008471462031363508
2025-07-24,632.6658,0.00033103521843536043
2025-07-25,635.3384,0.00421544969279708
2025-07-28,635.1789,-0.0002510788335401415
2025-07-29,633.5035,-0.0026411668892585283
2025-07-30,632.7057,-0.0012601394865434656
2025-07-31,630.3323,-0.0037582444765247303
2025-08-01,620.0009,-0.01652621099375473
2025-08-04,629.4248,0.015085456808713538
2025-08-05,626.2337,-0.005082762343470826
2025-08-06,631.0304,0.007630414760523507
2025-08-07,630.5018,-0.0008380285987721336
2025-08-08,635.4182,0.007767354521473813
2025-08-11,634.1617,-0.0019793955626550286
2025-08-12,640.913,0.010589753043323213
2025-08-13,643.1069,0.0034172400831860017
2025-08-14,643.1667,9.298177315120171e-05
2025-08-15,641.6609,-0.0023439731360559435
2025-08-18,641.5213,-0.0002175840664726536
2025-08-19,638.0409,-0.005439999060809164
2025-08-20,636.3456,-0.0026605758928521794
2025-08-21,633.7927,-0.004019882618749193
2025-08-22,643.5257,0.015240034717104223
2025-08-25,640.6936,-0.004410624557990239
2025-08-26,643.3761,0.004178128184647356
2025-08-27,644.8421,0.0022760129190100287
2025-08-28,647.1257,0.003535076304740592
2025-08-29,643.2664,-0.005981610561676121
2025-09-02,638.4997,-0.0074377407460870515
2025-09-03,641.9601,0.005404946604619099
2025-09-04,647.3252,0.008322643511706751
2025-09-05,645.4504,-0.0029004280623956546
2025-09-08,647.036,0.002453566699720966
2025-09-09,648.5318,0.002309104416811536
2025-09-10,650.4066,0.0028866669918574672
2025-09-11,655.8117,0.008275999272935763
2025-09-12,655.5923,-0.00033460322226641637
2025-09-15,659.0826,0.005309766240070957
2025-09-16,658.1751,-0.0013778627273532962
2025-09-17,657.3574,-0.0012431469466651635
2025-09-18,660.4289,0.004661614044914053
2025-09-19,663.7,0.004940767706653304
2025-09-22,666.84,0.0047198969279511616
2025-09-23,663.21,-0.005458454964703208
2025-09-24,661.1,-0.003186567775594895
2025-09-25,658.05,-0.004624198059199891
2025-09-26,661.82,0.005712699361001938
2025-09-29,663.68,0.002806489959773728
2025-09-30,666.18,0.0037597986931210414
2025-10-01,668.45,0.003401695134902738
2025-10-02,669.22,0.0011512556685069342
2025-10-03,669.21,-1.4942880838475503e-05
2025-10-06,671.61,0.0035799026910998677
2025-10-07,669.12,-0.003714398667631791
2025-10-08,673.11,0.005945347299527448
2025-10-09,671.16,-0.0029012049182988164
2025-10-10,653.02,-0.0273998019427264
2025-10-13,663.04,0.015227563512238085
2025-10-14,662.23,-0.0012223925703613858
2025-10-15,665.17,0.004429719462844872
2025-10-16,660.64,-0.006833584945711735
2025-10-17,664.39,0.005660264314097496
2025-10-20,671.3,0.010346804492828099
2025-10-21,671.29,-1.4896580490919575e-05
2025-10-22,667.8,-0.005212506854660681
2025-10-23,671.76,0.005912406365752965
2025-10-24,677.25,0.008139347089897164
2025-10-27,685.24,0.011728660897053267
2025-10-28,687.06,0.002652482791044797
2025-10-29,687.39,0.0004801920860577624
2025-10-30,679.83,-0.011059049824416967
2025-10-31,682.06,0.003274863598399236
2025-11-03,683.34,0.0018749090009722025
2025-11-04,675.24,-0.011924356281126869
2025-11-05,677.58,0.0034594437304455994
2025-11-06,670.31,-0.010787335017881539
2025-11-07,670.97,0.0009841346374637183
2025-11-10,681.44,0.015483779591687785
2025-11-11,683.0,0.0022866533958865176
2025-11-12,683.38,0.0005562142446420282
2025-11-13,672.04,-0.01673321125423044
2025-11-14,671.93,-0.00016369413044259318
2025-11-17,665.67,-0.009360116184324418
2025-11-18,660.08,-0.008433012450346666
2025-11-19,662.63,0.003855725229498397
2025-11-20,652.53,-0.015359649874153725
2025-11-21,659.03,0.00991194183539612
2025-11-24,668.73,0.014611334234121642
2025-11-25,675.02,0.00936192884226017
2025-11-26,679.68,0.0068797791102541694
2025-11-28,683.39,0.0054436076819079915
2025-12-01,680.27,-0.004575928668685947
2025-12-02,681.53,0.0018504925239444248
2025-12-03,683.89,0.0034568152657525886
